wavenumbers,absorbance
400.0,0.0
401.0,0.0
402.0,0.0
403.0,0.0
404.0,0.0
405.0,0.0
406.0,0.0
407.0,0.0
408.0,0.0
409.0,0.0
410.0,0.0
411.0,0.0
412.0,0.0
413.0,0.0
414.0,0.0
415.0,0.0
416.0,0.0
417.0,0.0
418.0,0.0
419.0,0.0
420.0,0.0
421.0,0.0
422.0,0.0
423.0,0.0
424.0,0.0
425.0,0.0
426.0,0.0
427.0,0.0
428.0,0.0
429.0,0.0
430.0,0.0
431.0,0.0
432.0,0.0
433.0,0.0
434.0,0.0
435.0,0.0
436.0,0.0
437.0,0.0
438.0,0.0
439.0,0.0
440.0,0.0
441.0,0.0
442.0,0.0
443.0,0.0
444.0,0.0
445.0,0.0
446.0,0.0
447.0,0.0
448.0,0.0
449.0,0.0
450.0,0.0
451.0,0.0
452.0,0.0
453.0,0.0
454.0,0.0
455.0,0.0
456.0,0.0
457.0,0.0
458.0,0.0
459.0,0.0
460.0,0.0
461.0,0.0
462.0,0.0
463.0,0.0
464.0,0.0
465.0,0.0
466.0,0.0
467.0,0.0
468.0,0.0
469.0,0.0
470.0,0.0
471.0,0.0
472.0,0.0
473.0,0.0
474.0,0.0
475.0,0.0
476.0,0.0
477.0,0.0
478.0,0.0
479.0,0.0
480.0,0.0
481.0,0.0
482.0,0.0
483.0,0.0
484.0,0.0
485.0,0.0
486.0,0.0
487.0,0.0
488.0,0.0
489.0,0.0
490.0,0.0
491.0,0.0
492.0,0.0
493.0,0.0
494.0,0.0
495.0,0.0
496.0,0.0
497.0,0.0
498.0,0.0
499.0,0.0
500.0,0.0
501.0,0.0
502.0,0.0
503.0,0.0
504.0,0.0
505.0,0.0
506.0,0.0
507.0,0.0
508.0,0.0
509.0,0.0
510.0,0.0
511.0,0.0
512.0,0.0
513.0,0.0
514.0,0.0
515.0,0.0
516.0,0.0
517.0,0.0
518.0,0.0
519.0,0.0
520.0,0.0
521.0,0.0
522.0,0.0
523.0,0.0
524.0,0.0
525.0,0.0
526.0,0.0
527.0,0.0
528.0,0.0
529.0,0.0
530.0,0.0
531.0,0.0
532.0,0.0
533.0,0.0
534.0,0.0
535.0,0.0
536.0,0.0
537.0,0.0
538.0,0.0
539.0,0.0
540.0,0.0
541.0,0.0
542.0,0.0
543.0,0.0
544.0,0.0
545.0,0.0
546.0,0.0
547.0,0.0
548.0,0.0
549.0,0.0
550.0,0.0
551.0,0.0
552.0,0.0
553.0,0.0
554.0,0.0
555.0,0.0
556.0,0.0
557.0,0.0
558.0,0.0
559.0,0.0
560.0,0.0
561.0,0.0
562.0,0.0
563.0,0.0
564.0,0.0
565.0,0.0
566.0,0.0
567.0,0.0
568.0,0.0
569.0,0.0
570.0,0.0
571.0,0.0
572.0,0.0
573.0,0.0
574.0,0.0
575.0,0.0
576.0,0.0
577.0,0.0
578.0,0.0
579.0,0.0
580.0,0.0
581.0,0.0
582.0,0.0
583.0,0.0
584.0,0.0
585.0,0.0
586.0,0.0
587.0,0.0
588.0,0.0
589.0,0.0
590.0,0.0
591.0,0.0
592.0,0.0
593.0,0.0
594.0,0.0
595.0,0.0
596.0,0.0
597.0,0.0
598.0,0.0
599.0,0.0
600.0,0.0
601.0,0.0
602.0,0.0
603.0,0.0
604.0,0.0
605.0,0.0
606.0,0.0
607.0,0.0
608.0,0.0
609.0,0.0
610.0,0.0
611.0,0.0
612.0,0.0
613.0,0.0
614.0,0.0
615.0,0.0
616.0,0.0
617.0,0.0
618.0,0.0
619.0,0.0
620.0,0.0
621.0,0.0
622.0,0.0
623.0,0.0
624.0,0.0
625.0,0.0
626.0,0.0
627.0,0.0
628.0,0.0
629.0,0.0
630.0,0.0
631.0,0.0
632.0,0.0
633.0,0.0
634.0,0.0
635.0,0.0
636.0,0.0
637.0,0.0
638.0,0.0
639.0,0.0
640.0,0.0
641.0,0.0
642.0,0.0
643.0,0.0
644.0,0.0
645.0,0.0
646.0,0.0
647.0,0.0
648.0,0.0
649.0,0.0
650.0,0.0
651.0,0.0
652.0,0.0
653.0,0.0
654.0,0.0
655.0,0.0
656.0,0.0
657.0,0.0
658.0,0.0
659.0,0.0
660.0,0.0
661.0,0.0
662.0,0.0
663.0,0.0
664.0,0.0
665.0,0.0
666.0,0.0
667.0,0.0
668.0,0.0
669.0,0.0
670.0,0.0
671.0,0.0
672.0,0.0
673.0,0.0
674.0,0.0
675.0,0.0
676.0,0.0
677.0,0.0
678.0,0.0
679.0,0.0
680.0,0.0
681.0,0.0
682.0,0.0
683.0,0.0
684.0,0.0
685.0,0.0
686.0,0.0
687.0,0.0
688.0,0.0
689.0,0.0
690.0,0.0
691.0,0.0
692.0,0.0
693.0,0.0
694.0,0.0
695.0,0.0
696.0,0.0
697.0,0.0
698.0,0.0
699.0,0.0
700.0,0.0
701.0,0.0
702.0,0.0
703.0,0.0
704.0,0.0
705.0,0.0
706.0,0.0
707.0,0.0
708.0,0.0
709.0,0.0
710.0,0.0
711.0,0.0
712.0,0.0
713.0,0.0
714.0,0.0
715.0,0.0
716.0,0.0
717.0,0.0
718.0,0.0
719.0,0.0
720.0,0.0
721.0,0.0
722.0,0.0
723.0,0.0
724.0,0.0
725.0,0.0
726.0,0.0
727.0,0.0
728.0,0.0
729.0,0.0
730.0,0.0
731.0,0.0
732.0,0.0
733.0,0.0
734.0,0.0
735.0,1.9481566132509783e-12
736.0,1.0987075999761553e-11
737.0,0.0
738.0,0.0
739.0,0.0
740.0,0.0
741.0,3.4252034689320914e-12
742.0,0.0
743.0,0.0
744.0,0.0
745.0,0.0
746.0,0.0
747.0,6.392434513357645e-10
748.0,4.774212296657583e-10
749.0,0.0
750.0,0.0
751.0,1.0036576755788645e-12
752.0,0.0
753.0,3.557177819187476e-11
754.0,7.576349786715302e-12
755.0,5.2686210444807525e-12
756.0,0.0
757.0,0.0
758.0,0.0
759.0,2.008123436346179e-09
760.0,8.479306284096765e-11
761.0,0.0
762.0,0.0
763.0,0.0
764.0,1.208645103444859e-10
765.0,0.0
766.0,0.0
767.0,1.276058950209102e-10
768.0,0.0
769.0,2.4935864403614428e-11
770.0,0.0
771.0,3.6593588336986922e-09
772.0,6.865502993661546e-11
773.0,0.0
774.0,1.2746948557476911e-09
775.0,0.0
776.0,8.492383283259019e-10
777.0,8.046252412984702e-11
778.0,1.265699280463461e-11
779.0,0.0
780.0,0.0
781.0,1.5455704169240513e-11
782.0,1.1103228518772707e-11
783.0,1.0405840089577262e-09
784.0,4.211059446814033e-10
785.0,0.0
786.0,5.522675998467687e-12
787.0,4.361700010671837e-11
788.0,4.975481558363952e-11
789.0,0.0
790.0,3.924438353078315e-10
791.0,0.0
792.0,3.8911964660910764e-10
793.0,8.416306024268485e-10
794.0,6.736703549136422e-11
795.0,1.5842817352165108e-09
796.0,5.717502957263369e-10
797.0,1.4552718456853154e-11
798.0,4.582414707290161e-11
799.0,2.07324243136893e-09
800.0,0.0
801.0,0.0
802.0,5.51468552958494e-11
803.0,1.108255471740087e-09
804.0,1.6684075788017128e-10
805.0,4.16146848924266e-11
806.0,6.65218485774006e-10
807.0,2.4147283890362362e-09
808.0,2.268213294558202e-09
809.0,9.267908919759597e-11
810.0,4.921053275192066e-10
811.0,1.9605304630422483e-09
812.0,0.0
813.0,2.5967418863868865e-10
814.0,0.0
815.0,0.0
816.0,1.809062139973263e-09
817.0,8.593205346834666e-10
818.0,2.639328184927098e-11
819.0,2.263919966961216e-09
820.0,5.071708903764995e-09
821.0,1.6363569341906724e-09
822.0,2.972465738679804e-09
823.0,7.071908418709369e-11
824.0,0.0
825.0,6.205458826971001e-07
826.0,1.551639924638002e-10
827.0,8.450574775857174e-07
828.0,3.4470680305403674e-08
829.0,2.470887890701761e-10
830.0,3.52751749625472e-10
831.0,4.232794523197654e-09
832.0,2.0538684110628377e-08
833.0,1.2193733612150743e-09
834.0,8.399407875604564e-08
835.0,1.0525420516126984e-09
836.0,5.185251104280383e-10
837.0,9.089974574570783e-10
838.0,2.188670481134707e-11
839.0,1.3842688674566923e-09
840.0,2.1664882442728367e-09
841.0,9.123150863600265e-11
842.0,3.4110942785759007e-09
843.0,7.56892344980117e-09
844.0,7.766789740538989e-09
845.0,3.146371505840401e-09
846.0,2.168427444376704e-07
847.0,1.7796502378393893e-09
848.0,2.918160097674967e-07
849.0,2.8539859140504567e-10
850.0,8.360136613300636e-10
851.0,2.442872580932817e-08
852.0,3.4756410960388076e-09
853.0,6.674811434418811e-09
854.0,1.7241591723830861e-10
855.0,8.31763346242001e-07
856.0,6.7036199655395445e-09
857.0,8.457170297452739e-11
858.0,8.241449390347485e-07
859.0,1.0016086576593177e-08
860.0,3.3632300628564214e-10
861.0,7.3331844178620425e-09
862.0,4.1460104257899905e-09
863.0,1.5613646479795076e-08
864.0,2.3065663703516612e-06
865.0,5.418270338303113e-07
866.0,1.7031177478271137e-08
867.0,1.2593813859954931e-08
868.0,1.3740649001322727e-08
869.0,6.734567787791776e-10
870.0,3.5987207388945214e-06
871.0,9.219362192909103e-10
872.0,3.082895611049841e-10
873.0,2.3172990860457286e-09
874.0,1.0521537972269268e-08
875.0,7.84783367614857e-09
876.0,7.052922206936252e-09
877.0,7.016904970478841e-10
878.0,6.556999000683934e-07
879.0,1.1084197946718667e-07
880.0,2.216056195405101e-09
881.0,1.5215277175545835e-08
882.0,1.7287190842591473e-08
883.0,6.56290876825643e-08
884.0,1.0446380648875624e-09
885.0,7.521281751167152e-10
886.0,1.4926569839164267e-07
887.0,1.3630207096330225e-08
888.0,7.582487493269385e-08
889.0,4.756649944369203e-10
890.0,2.7057378163590155e-06
891.0,6.162682432982117e-08
892.0,3.987887658834089e-07
893.0,7.186025227211053e-09
894.0,5.6547090888637696e-08
895.0,1.7963743422909818e-08
896.0,7.611116957203403e-10
897.0,1.674154940060551e-08
898.0,1.6926549311879374e-09
899.0,7.285766371116849e-08
900.0,2.0392297757087863e-10
901.0,1.6004807764414136e-07
902.0,7.288622252500283e-08
903.0,4.98426005665943e-09
904.0,1.4086714621548403e-07
905.0,7.644970203542553e-06
906.0,1.6698859396040334e-08
907.0,3.5289154041326854e-05
908.0,1.434038280189771e-11
909.0,5.5558864577372055e-09
910.0,2.682866184966399e-08
911.0,3.940192045653577e-09
912.0,7.981075966238743e-07
913.0,1.158712581836417e-09
914.0,1.4953946708274596e-08
915.0,6.843376104593921e-08
916.0,5.070072502109072e-09
917.0,2.1380989263894194e-08
918.0,1.0836289332597458e-09
919.0,1.6023560014333847e-07
920.0,3.880261589071716e-08
921.0,9.534971398190304e-06
922.0,6.842535338378815e-09
923.0,1.0695369152370725e-06
924.0,1.0222906166490124e-10
925.0,1.6861651826591644e-08
926.0,1.578489411186918e-07
927.0,5.486820155020244e-09
928.0,9.468021687818704e-11
929.0,1.6225616610125795e-08
930.0,3.365124179897995e-08
931.0,1.8763086773097365e-07
932.0,4.209432251552277e-09
933.0,1.0657986380615366e-08
934.0,4.349127630634064e-07
935.0,1.2905184325559446e-07
936.0,3.557488665532434e-10
937.0,4.673952144763435e-08
938.0,7.578269372571136e-09
939.0,6.201315282470847e-09
940.0,2.7921494424479565e-10
941.0,4.7772946857945395e-08
942.0,2.616722481448974e-09
943.0,2.1428357497401582e-08
944.0,1.5850629234920236e-07
945.0,1.1183664084399246e-05
946.0,3.834244058858519e-06
947.0,3.185756706579257e-08
948.0,1.032287484152119e-08
949.0,5.616341319142142e-08
950.0,1.4622784916796802e-07
951.0,2.0155074926039936e-07
952.0,1.0433152506543924e-08
953.0,7.190071590517654e-10
954.0,2.9973099996088145e-07
955.0,2.579513004265555e-07
956.0,1.372131914948014e-07
957.0,9.530849075180807e-09
958.0,2.171145884517401e-08
959.0,3.291059086060394e-08
960.0,1.2317302946247447e-07
961.0,7.80081334645923e-09
962.0,4.978542417049848e-08
963.0,1.0505893363153743e-07
964.0,3.8135384920702096e-08
965.0,1.5156561205009487e-07
966.0,3.951470007840429e-07
967.0,2.1964004059065896e-07
968.0,1.5065743572140717e-08
969.0,5.6748752452202926e-08
970.0,9.8290299695235e-08
971.0,1.2113571633363026e-05
972.0,2.4363768251644385e-06
973.0,3.1364176740446945e-07
974.0,9.025924854869432e-06
975.0,7.243004348848745e-08
976.0,2.1308528056161975e-05
977.0,6.082836685448604e-07
978.0,7.776458477676899e-07
979.0,5.830796513618284e-07
980.0,2.6678072749197013e-07
981.0,2.7754957236863535e-06
982.0,7.341709753236642e-06
983.0,4.516965773260857e-07
984.0,0.00018181730016833786
985.0,8.224355842701933e-07
986.0,6.56412732809199e-07
987.0,1.044375380414118e-06
988.0,3.5153301239152044e-06
989.0,1.1899379387968982e-05
990.0,5.320406650721118e-06
991.0,2.9372729997513934e-07
992.0,4.361798348682075e-05
993.0,9.854902693973316e-07
994.0,1.5953890527459582e-08
995.0,2.707676645142763e-07
996.0,7.509566484792164e-07
997.0,2.1415723898081475e-07
998.0,5.182919648551493e-08
999.0,5.4578053066441884e-09
1000.0,1.8086066868989362e-05
1001.0,2.222772816802376e-06
1002.0,5.4551196006252466e-08
1003.0,2.076413940632538e-08
1004.0,1.97004873374755e-09
1005.0,1.7605977651299626e-08
1006.0,1.508356124356781e-07
1007.0,1.3091079293226713e-07
1008.0,6.782172723352487e-08
1009.0,1.8191334867998863e-06
1010.0,4.7952224174078377e-08
1011.0,6.66218364679846e-07
1012.0,2.7755742573953724e-06
1013.0,1.670431848553475e-08
1014.0,6.372575626625737e-08
1015.0,1.2113567427853257e-05
1016.0,1.6131172373478293e-07
1017.0,2.929097467799183e-06
1018.0,3.2800563843147005e-07
1019.0,1.1905922735713265e-07
1020.0,1.1325989527754832e-07
1021.0,7.856162825305369e-08
1022.0,3.9515585945956236e-08
1023.0,8.878688380600178e-08
1024.0,3.1037772207126056e-07
1025.0,1.2184874774717267e-05
1026.0,2.5346550323450954e-05
1027.0,9.12092608447457e-06
1028.0,3.093310755097219e-08
1029.0,2.641988170319637e-08
1030.0,1.0126712586435394e-06
1031.0,2.1546005238734133e-08
1032.0,6.919704348070259e-07
1033.0,8.190210955084999e-07
1034.0,1.2617979085079417e-06
1035.0,1.7260350221493255e-08
1036.0,9.971240755078993e-08
1037.0,3.5529307683261373e-07
1038.0,1.5326735729979963e-07
1039.0,1.2078095984873141e-06
1040.0,6.6730481586848015e-06
1041.0,6.0151605202926735e-05
1042.0,2.28305493359762e-06
1043.0,1.5466783674100615e-06
1044.0,4.702077476909625e-06
1045.0,9.738785143651146e-06
1046.0,1.3469548302724617e-06
1047.0,9.96857861982447e-07
1048.0,7.225256101525258e-06
1049.0,3.0807609495732326e-07
1050.0,6.17314710020581e-07
1051.0,2.456289241661704e-07
1052.0,1.3981155777338862e-06
1053.0,6.974266384284445e-05
1054.0,9.294497451772841e-07
1055.0,2.7296709051520665e-07
1056.0,9.151779123094816e-07
1057.0,3.7808960266598675e-07
1058.0,4.664319688250177e-06
1059.0,1.5253221713283315e-06
1060.0,4.4304768575663617e-07
1061.0,2.2594517253684227e-07
1062.0,1.2477810899777552e-06
1063.0,1.9036745128882926e-07
1064.0,1.3700171925524467e-06
1065.0,4.593021117697758e-06
1066.0,2.723528958627568e-07
1067.0,8.690437457448678e-07
1068.0,6.597698969862201e-07
1069.0,3.3344177676346027e-07
1070.0,9.194727949804474e-06
1071.0,7.853376783956083e-07
1072.0,1.222962608967372e-06
1073.0,9.599244775848923e-08
1074.0,8.095951706609129e-07
1075.0,4.733595568439592e-06
1076.0,4.0043376941685144e-07
1077.0,2.1949971062161642e-07
1078.0,7.492920098657788e-07
1079.0,2.8341411169752574e-06
1080.0,1.458601341620999e-06
1081.0,4.552808768494853e-07
1082.0,1.5573948595076103e-06
1083.0,2.5131513378512248e-05
1084.0,1.7807781949315652e-07
1085.0,2.490612661317016e-07
1086.0,2.131046630676943e-06
1087.0,1.9604512166592633e-06
1088.0,6.2600585231741e-06
1089.0,9.72553461949378e-08
1090.0,8.098658456045949e-07
1091.0,1.3376572198513503e-06
1092.0,4.7521331174478724e-08
1093.0,7.634700705076305e-07
1094.0,4.37857868538058e-09
1095.0,2.85150336007529e-07
1096.0,3.591964165193276e-07
1097.0,1.7309669968421103e-07
1098.0,2.8342144213286294e-08
1099.0,9.618296294853396e-07
1100.0,1.429514756194759e-07
1101.0,1.3984744571986084e-07
1102.0,6.815528015760563e-08
1103.0,4.761874697797682e-08
1104.0,1.8785125080974797e-07
1105.0,1.1393544969318397e-06
1106.0,1.5456770150024626e-06
1107.0,2.111004712601134e-06
1108.0,1.9296400525105363e-07
1109.0,2.4531261384959524e-07
1110.0,7.808796588385021e-06
1111.0,5.148240503124903e-07
1112.0,1.636546868870548e-06
1113.0,1.563234791090403e-06
1114.0,3.931140373637577e-06
1115.0,2.623341418447048e-06
1116.0,2.5702965110068552e-05
1117.0,1.6469812567311979e-06
1118.0,5.5872754998252925e-05
1119.0,4.0162203412768355e-06
1120.0,1.7858228632262443e-06
1121.0,2.9881272950349615e-06
1122.0,5.970434144601806e-06
1123.0,2.5308600500943056e-06
1124.0,3.622285688732516e-06
1125.0,1.173163961603442e-06
1126.0,4.11548549630229e-07
1127.0,1.1069805238773208e-07
1128.0,1.470306478149444e-07
1129.0,7.562733963739133e-05
1130.0,4.71699829508223e-07
1131.0,4.2367744042122506e-07
1132.0,9.850581076867511e-08
1133.0,2.774127267171493e-07
1134.0,5.685861694392287e-07
1135.0,2.2497866289090617e-07
1136.0,3.1713900187055562e-06
1137.0,1.6149937087239163e-07
1138.0,1.687684355944507e-05
1139.0,1.4302393761182368e-07
1140.0,2.439383508034418e-06
1141.0,7.848529157092455e-08
1142.0,5.678710636586818e-07
1143.0,1.6258333740671645e-07
1144.0,2.8683158657403896e-07
1145.0,1.672193343485463e-05
1146.0,4.0463674677505585e-07
1147.0,2.7644502183130424e-07
1148.0,7.971370256329067e-06
1149.0,4.837106701423122e-09
1150.0,3.7904771989363865e-06
1151.0,2.5850199645286916e-07
1152.0,2.407451305543094e-08
1153.0,6.442528210153595e-07
1154.0,7.797123691535445e-08
1155.0,2.343786366832064e-08
1156.0,3.758996320831898e-08
1157.0,2.4730582389238065e-07
1158.0,3.719870470935216e-07
1159.0,6.988809080007616e-08
1160.0,5.2520911743707705e-08
1161.0,1.9137955459749496e-07
1162.0,1.4746502646386748e-08
1163.0,1.3917874908501395e-06
1164.0,1.0184849695966156e-06
1165.0,1.3268479247911565e-07
1166.0,6.601868853751695e-08
1167.0,8.522931743764897e-08
1168.0,2.0431652153711723e-08
1169.0,2.0419465333237447e-08
1170.0,9.27447954163845e-09
1171.0,2.6394948949571627e-07
1172.0,3.9156043487064805e-07
1173.0,2.0464292450427892e-07
1174.0,1.4380161200498913e-08
1175.0,1.698654145310559e-07
1176.0,1.596637329185376e-06
1177.0,1.6071576768796595e-07
1178.0,6.1768286896084845e-09
1179.0,1.4059872987469267e-08
1180.0,1.8909421199691934e-08
1181.0,5.704120927205186e-08
1182.0,6.186781885898941e-07
1183.0,1.523542999163988e-08
1184.0,8.361963163476981e-08
1185.0,1.8871851257410894e-05
1186.0,8.67670640160285e-07
1187.0,1.8766391515229387e-06
1188.0,1.2202504529744162e-08
1189.0,3.2428715549020793e-08
1190.0,2.7310763486731474e-09
1191.0,5.307746700949344e-08
1192.0,1.994312977478496e-09
1193.0,8.869323676623685e-08
1194.0,2.2240525223180487e-08
1195.0,1.2149858896001908e-08
1196.0,2.3358963431685153e-07
1197.0,2.300296194240664e-08
1198.0,1.1801709424306413e-06
1199.0,4.035841447747124e-08
1200.0,1.4319049588279537e-09
1201.0,7.886438581375223e-08
1202.0,3.728729113180408e-09
1203.0,2.1646250007036754e-08
1204.0,2.3699859002745947e-08
1205.0,4.4817830298771576e-07
1206.0,1.868309872778726e-09
1207.0,3.6825711219056695e-07
1208.0,1.7171238398175844e-06
1209.0,1.5743029178154657e-06
1210.0,5.913819602774937e-08
1211.0,6.935185956546501e-08
1212.0,3.502548678683248e-07
1213.0,7.80112888854165e-09
1214.0,3.3107093390458335e-09
1215.0,8.977369200829551e-09
1216.0,1.260835336446137e-07
1217.0,3.2816182793082327e-06
1218.0,1.672799182978885e-07
1219.0,2.8831309578179407e-07
1220.0,4.7665258948257345e-07
1221.0,2.2435792414678892e-07
1222.0,2.2106135252105546e-08
1223.0,1.8153547181203723e-08
1224.0,5.2629118167698705e-08
1225.0,4.2404430147765234e-08
1226.0,6.841050810902831e-09
1227.0,1.8687082701059854e-07
1228.0,5.801618981122881e-06
1229.0,1.1205407717756928e-05
1230.0,1.1743520331849617e-07
1231.0,8.201586515571133e-07
1232.0,1.6929304332818445e-08
1233.0,6.092110019304825e-09
1234.0,1.6564179465971422e-08
1235.0,3.8185039754032895e-08
1236.0,4.47871306663081e-08
1237.0,3.0732326199646656e-08
1238.0,7.540358233017881e-08
1239.0,8.798142089858699e-08
1240.0,1.0075255854422703e-06
1241.0,2.548741724916189e-07
1242.0,5.890702601803515e-07
1243.0,3.1046588982955703e-09
1244.0,2.7782184078282064e-09
1245.0,1.8737688139481516e-08
1246.0,4.1980101912098196e-07
1247.0,1.2348204795085985e-08
1248.0,7.861252918425789e-09
1249.0,3.216322281325107e-09
1250.0,1.726883856980378e-08
1251.0,3.0774224995252655e-08
1252.0,6.688922532581634e-07
1253.0,7.491886241426062e-07
1254.0,1.8830658595838674e-06
1255.0,3.77017470700744e-08
1256.0,3.06339369390655e-09
1257.0,5.318240318081306e-09
1258.0,1.901655175005335e-07
1259.0,1.9465746215481035e-08
1260.0,2.667453610628048e-09
1261.0,1.3603722996162064e-08
1262.0,7.330824462695318e-09
1263.0,6.8167026418051865e-09
1264.0,5.5068918011927774e-08
1265.0,6.792778664307682e-07
1266.0,6.7272566874996974e-09
1267.0,4.2588075302051206e-09
1268.0,5.784094852040353e-08
1269.0,1.0250747677829632e-09
1270.0,1.5682838199136872e-09
1271.0,1.4039453465842595e-09
1272.0,9.901014024341248e-08
1273.0,9.194022218657947e-09
1274.0,1.4195728741925843e-07
1275.0,1.0315903645510534e-07
1276.0,4.3373092911283834e-08
1277.0,4.7583056687437086e-07
1278.0,5.517563440168058e-09
1279.0,7.247657416453693e-09
1280.0,3.4700787402451563e-09
1281.0,2.0079369589150328e-08
1282.0,1.1533179810178484e-09
1283.0,2.257390698441206e-09
1284.0,4.042584313415009e-09
1285.0,1.1987585215818522e-09
1286.0,1.8830031040093664e-07
1287.0,1.266344191125735e-07
1288.0,1.7142274403655166e-05
1289.0,9.086769468934579e-08
1290.0,4.3169084097895705e-09
1291.0,1.028477138851308e-07
1292.0,3.398162134792945e-09
1293.0,1.4886622050060247e-09
1294.0,4.6734737959912337e-08
1295.0,3.057085648044548e-06
1296.0,2.0562492949795116e-09
1297.0,2.980709754302562e-10
1298.0,3.9084153557335014e-08
1299.0,4.181641831964697e-08
1300.0,5.540513515405419e-08
1301.0,4.2434310909746804e-08
1302.0,4.7715299272049506e-08
1303.0,6.404383498188423e-08
1304.0,5.342811738700877e-09
1305.0,7.560736063838523e-08
1306.0,2.7575414931083487e-10
1307.0,4.956064309392906e-11
1308.0,1.0544502412129576e-09
1309.0,3.382578342478012e-08
1310.0,9.858766407400444e-10
1311.0,9.315217213687827e-09
1312.0,2.4843446536357607e-08
1313.0,4.251915144807923e-08
1314.0,1.220283602726167e-08
1315.0,5.505845086495272e-09
1316.0,7.80858427570457e-11
1317.0,2.6800142378534513e-10
1318.0,3.4538968988912486e-10
1319.0,2.763990314261675e-10
1320.0,7.316082408528272e-11
1321.0,5.50827676036974e-09
1322.0,1.3803069777392115e-09
1323.0,1.4611174437587516e-10
1324.0,2.2529317552251156e-09
1325.0,1.1665985828683924e-08
1326.0,3.165866015866914e-09
1327.0,9.616249766622164e-09
1328.0,2.9125603537690387e-10
1329.0,7.720065081424577e-09
1330.0,2.3569822361428886e-09
1331.0,4.484833024076544e-10
1332.0,7.99208899977241e-08
1333.0,3.753260239800438e-09
1334.0,3.388013555799366e-09
1335.0,1.1271436013411392e-09
1336.0,5.30897911949451e-10
1337.0,3.5630950413126444e-08
1338.0,3.068674612052504e-08
1339.0,7.980546366466084e-10
1340.0,4.5521842965424694e-09
1341.0,1.0550688246461882e-09
1342.0,2.807715630659338e-08
1343.0,1.8345343201683286e-08
1344.0,2.3665159208664364e-09
1345.0,1.155324340382455e-09
1346.0,1.5381976072241078e-10
1347.0,7.60764187988744e-09
1348.0,1.3457389120949566e-08
1349.0,2.5528286740042987e-10
1350.0,3.764334293517475e-09
1351.0,1.281561658493397e-09
1352.0,4.011152981070298e-09
1353.0,2.9843164478127905e-09
1354.0,1.1887002875700226e-10
1355.0,1.4089642937422716e-08
1356.0,1.304001020117879e-08
1357.0,8.544630410538173e-10
1358.0,1.1270376292662696e-08
1359.0,7.42605910286312e-12
1360.0,8.507792736012636e-09
1361.0,3.6610525791510287e-11
1362.0,2.4967972775853746e-10
1363.0,1.1140980036372164e-10
1364.0,1.0605435198794354e-06
1365.0,1.2751582825848897e-09
1366.0,7.93528664617544e-09
1367.0,1.6155571237198922e-12
1368.0,6.564536738266135e-09
1369.0,4.520158118805386e-10
1370.0,1.097947338532721e-08
1371.0,1.8713613654487323e-10
1372.0,1.4422891404499176e-10
1373.0,1.728381143100509e-11
1374.0,2.502565846531615e-10
1375.0,7.64551676296468e-11
1376.0,1.1009909675201517e-09
1377.0,0.0
1378.0,2.8674350435932726e-09
1379.0,4.698140788672261e-11
1380.0,5.200000130465765e-12
1381.0,1.8413130158122508e-09
1382.0,1.5022431957720592e-07
1383.0,1.0083963534142319e-11
1384.0,3.2044624662554606e-10
1385.0,4.776131320461306e-10
1386.0,8.875507880591955e-08
1387.0,9.569405442210467e-11
1388.0,8.023366987231649e-08
1389.0,1.0842283013025572e-11
1390.0,7.377164777178037e-10
1391.0,8.97344050320901e-11
1392.0,5.153260034625835e-10
1393.0,6.898380798784579e-11
1394.0,4.4545735473602184e-10
1395.0,8.767515720866378e-11
1396.0,2.601176481768582e-10
1397.0,5.531125411516857e-12
1398.0,1.4290094894211043e-09
1399.0,0.0
1400.0,4.936954509900158e-10
1401.0,1.3945395404526513e-09
1402.0,1.1194302700823224e-09
1403.0,3.436749253538702e-09
1404.0,4.8886681515622055e-11
1405.0,3.1484097507708646e-11
1406.0,4.770631153330455e-10
1407.0,7.937889848914298e-11
1408.0,9.43456824398457e-10
1409.0,9.51965615039347e-10
1410.0,1.151985314357483e-10
1411.0,1.1789873994174629e-09
1412.0,9.597346335434822e-10
1413.0,5.745753678058497e-10
1414.0,2.3836516744048783e-12
1415.0,1.960556678126524e-08
1416.0,1.0665004410934326e-11
1417.0,1.034347886835727e-10
1418.0,0.0
1419.0,1.1705324932861144e-10
1420.0,0.0
1421.0,6.307997064426984e-10
1422.0,1.671995214965373e-10
1423.0,7.402554004518456e-11
1424.0,1.0482822265454966e-10
1425.0,1.4340116758233832e-11
1426.0,3.000693203046321e-11
1427.0,2.4010168560383284e-12
1428.0,2.8683524882914976e-11
1429.0,0.0
1430.0,1.4030243629435062e-10
1431.0,1.075315962686664e-11
1432.0,3.276386810698482e-11
1433.0,1.320262512837041e-11
1434.0,8.995562142428412e-12
1435.0,2.089117391418804e-10
1436.0,2.319702785643462e-09
1437.0,9.97972918296019e-13
1438.0,9.701716869624841e-12
1439.0,7.001495936773432e-11
1440.0,3.889623776987025e-12
1441.0,9.23406775509611e-11
1442.0,3.7610645112665894e-10
1443.0,6.019373748012629e-09
1444.0,4.979513805085542e-11
1445.0,1.6423570002873239e-09
1446.0,6.635124026787173e-12
1447.0,2.574941769147357e-10
1448.0,2.9092588652655615e-12
1449.0,9.7016034002913e-11
1450.0,6.933499570008464e-11
1451.0,1.0054937323464928e-10
1452.0,0.0
1453.0,7.058138196617603e-11
1454.0,1.1354196209619533e-10
1455.0,3.075686803335263e-12
1456.0,2.558291358195845e-11
1457.0,7.352277374649262e-10
1458.0,2.8847932205017178e-11
1459.0,5.49558431037132e-12
1460.0,4.711730454193428e-11
1461.0,2.0992515518720087e-12
1462.0,1.8313606635902444e-11
1463.0,5.875599846849512e-12
1464.0,1.5812917331322404e-11
1465.0,1.901000457212274e-09
1466.0,9.683382155396883e-12
1467.0,1.0034595629940558e-11
1468.0,1.7234086081296027e-10
1469.0,2.3350093655933166e-10
1470.0,0.0
1471.0,3.648945100037192e-12
1472.0,2.273109053590733e-12
1473.0,6.1394837949905936e-12
1474.0,0.0
1475.0,0.0
1476.0,1.2140351526304231e-11
1477.0,9.592838278823685e-12
1478.0,3.5018456458812645e-10
1479.0,0.0
1480.0,2.5865719178105254e-11
1481.0,9.07966688673393e-13
1482.0,0.0
1483.0,3.589512097769778e-11
1484.0,0.0
1485.0,0.0
1486.0,0.0
1487.0,0.0
1488.0,0.0
1489.0,0.0
1490.0,0.0
1491.0,0.0
1492.0,0.0
1493.0,0.0
1494.0,0.0
1495.0,0.0
1496.0,0.0
1497.0,0.0
1498.0,0.0
1499.0,0.0
1500.0,0.0
1501.0,0.0
1502.0,0.0
1503.0,0.0
1504.0,0.0
1505.0,0.0
1506.0,0.0
1507.0,0.0
1508.0,0.0
1509.0,0.0
1510.0,0.0
1511.0,0.0
1512.0,0.0
1513.0,0.0
1514.0,0.0
1515.0,0.0
1516.0,0.0
1517.0,0.0
1518.0,0.0
1519.0,0.0
1520.0,0.0
1521.0,0.0
1522.0,0.0
1523.0,0.0
1524.0,0.0
1525.0,0.0
1526.0,0.0
1527.0,0.0
1528.0,0.0
1529.0,0.0
1530.0,0.0
1531.0,0.0
1532.0,0.0
1533.0,0.0
1534.0,0.0
1535.0,0.0
1536.0,0.0
1537.0,0.0
1538.0,0.0
1539.0,0.0
1540.0,0.0
1541.0,0.0
1542.0,0.0
1543.0,0.0
1544.0,0.0
1545.0,0.0
1546.0,0.0
1547.0,0.0
1548.0,0.0
1549.0,0.0
1550.0,0.0
1551.0,0.0
1552.0,0.0
1553.0,0.0
1554.0,0.0
1555.0,0.0
1556.0,0.0
1557.0,0.0
1558.0,0.0
1559.0,0.0
1560.0,0.0
1561.0,0.0
1562.0,0.0
1563.0,0.0
1564.0,0.0
1565.0,0.0
1566.0,0.0
1567.0,0.0
1568.0,0.0
1569.0,0.0
1570.0,0.0
1571.0,0.0
1572.0,0.0
1573.0,0.0
1574.0,0.0
1575.0,0.0
1576.0,0.0
1577.0,0.0
1578.0,0.0
1579.0,0.0
1580.0,0.0
1581.0,0.0
1582.0,0.0
1583.0,0.0
1584.0,0.0
1585.0,0.0
1586.0,0.0
1587.0,0.0
1588.0,0.0
1589.0,0.0
1590.0,0.0
1591.0,0.0
1592.0,0.0
1593.0,0.0
1594.0,0.0
1595.0,0.0
1596.0,0.0
1597.0,0.0
1598.0,0.0
1599.0,0.0
1600.0,0.0
1601.0,0.0
1602.0,0.0
1603.0,0.0
1604.0,0.0
1605.0,0.0
1606.0,0.0
1607.0,0.0
1608.0,0.0
1609.0,0.0
1610.0,0.0
1611.0,0.0
1612.0,0.0
1613.0,0.0
1614.0,0.0
1615.0,0.0
1616.0,0.0
1617.0,0.0
1618.0,0.0
1619.0,0.0
1620.0,0.0
1621.0,0.0
1622.0,0.0
1623.0,0.0
1624.0,0.0
1625.0,0.0
1626.0,0.0
1627.0,0.0
1628.0,0.0
1629.0,0.0
1630.0,0.0
1631.0,0.0
1632.0,0.0
1633.0,0.0
1634.0,0.0
1635.0,0.0
1636.0,0.0
1637.0,0.0
1638.0,0.0
1639.0,0.0
1640.0,0.0
1641.0,0.0
1642.0,0.0
1643.0,0.0
1644.0,0.0
1645.0,0.0
1646.0,0.0
1647.0,0.0
1648.0,0.0
1649.0,0.0
1650.0,0.0
1651.0,0.0
1652.0,0.0
1653.0,0.0
1654.0,0.0
1655.0,0.0
1656.0,0.0
1657.0,0.0
1658.0,0.0
1659.0,0.0
1660.0,0.0
1661.0,0.0
1662.0,0.0
1663.0,0.0
1664.0,0.0
1665.0,0.0
1666.0,0.0
1667.0,0.0
1668.0,0.0
1669.0,0.0
1670.0,0.0
1671.0,0.0
1672.0,0.0
1673.0,0.0
1674.0,0.0
1675.0,0.0
1676.0,0.0
1677.0,0.0
1678.0,0.0
1679.0,0.0
1680.0,0.0
1681.0,0.0
1682.0,0.0
1683.0,0.0
1684.0,0.0
1685.0,0.0
1686.0,0.0
1687.0,0.0
1688.0,0.0
1689.0,0.0
1690.0,0.0
1691.0,0.0
1692.0,0.0
1693.0,0.0
1694.0,0.0
1695.0,0.0
1696.0,0.0
1697.0,0.0
1698.0,0.0
1699.0,0.0
1700.0,0.0
1701.0,0.0
1702.0,0.0
1703.0,0.0
1704.0,0.0
1705.0,0.0
1706.0,0.0
1707.0,0.0
1708.0,0.0
1709.0,0.0
1710.0,0.0
1711.0,0.0
1712.0,0.0
1713.0,0.0
1714.0,0.0
1715.0,0.0
1716.0,0.0
1717.0,0.0
1718.0,0.0
1719.0,0.0
1720.0,0.0
1721.0,0.0
1722.0,0.0
1723.0,0.0
1724.0,0.0
1725.0,0.0
1726.0,0.0
1727.0,3.0085334140793373e-12
1728.0,0.0
1729.0,1.561125192986165e-12
1730.0,0.0
1731.0,9.832626543257648e-13
1732.0,0.0
1733.0,0.0
1734.0,0.0
1735.0,0.0
1736.0,4.479296587809055e-12
1737.0,0.0
1738.0,0.0
1739.0,0.0
1740.0,0.0
1741.0,5.56146849072427e-11
1742.0,0.0
1743.0,9.18437039150747e-11
1744.0,0.0
1745.0,0.0
1746.0,0.0
1747.0,0.0
1748.0,3.240623428299626e-12
1749.0,7.445705809498413e-12
1750.0,0.0
1751.0,0.0
1752.0,4.765559788642194e-12
1753.0,8.545377223274918e-12
1754.0,0.0
1755.0,0.0
1756.0,3.0790489414450027e-10
1757.0,3.156240513529981e-11
1758.0,1.1251116709576685e-11
1759.0,0.0
1760.0,0.0
1761.0,0.0
1762.0,3.736728334425004e-12
1763.0,0.0
1764.0,2.2162749424778762e-12
1765.0,3.1094031799518625e-12
1766.0,0.0
1767.0,0.0
1768.0,0.0
1769.0,0.0
1770.0,0.0
1771.0,1.0350190529668389e-11
1772.0,1.725728879075073e-11
1773.0,9.046473832658096e-12
1774.0,0.0
1775.0,9.30495034864646e-10
1776.0,0.0
1777.0,4.891725123666563e-12
1778.0,0.0
1779.0,0.0
1780.0,1.7258340307698518e-10
1781.0,9.104422297597546e-12
1782.0,0.0
1783.0,0.0
1784.0,0.0
1785.0,0.0
1786.0,1.8103587010809826e-11
1787.0,2.6789467827885536e-11
1788.0,0.0
1789.0,0.0
1790.0,1.8712159032684483e-11
1791.0,0.0
1792.0,0.0
1793.0,0.0
1794.0,1.356696446876381e-12
1795.0,0.0
1796.0,0.0
1797.0,1.907513332505016e-11
1798.0,0.0
1799.0,1.907073135436713e-11
1800.0,6.790800110048164e-11
1801.0,1.3676784712558686e-09
1802.0,6.061999326150233e-10
1803.0,3.848520379543989e-11
1804.0,0.0
1805.0,1.185275828130616e-11
1806.0,0.0
1807.0,1.2322439874332852e-12
1808.0,7.016389294526714e-11
1809.0,2.779099545173788e-12
1810.0,0.0
1811.0,0.0
1812.0,1.9363292792760654e-12
1813.0,3.41742783779623e-10
1814.0,1.1161698142678097e-11
1815.0,1.0745309204113187e-12
1816.0,8.088544024549737e-11
1817.0,4.276569520963855e-11
1818.0,2.2226293913722798e-10
1819.0,0.0
1820.0,4.092725151172157e-10
1821.0,0.0
1822.0,3.5015667542155214e-11
1823.0,0.0
1824.0,0.0
1825.0,1.1862456322038024e-09
1826.0,0.0
1827.0,9.45864671677994e-11
1828.0,7.307884727670972e-11
1829.0,1.0398066615449929e-11
1830.0,3.2269566022102554e-11
1831.0,7.674854958220003e-12
1832.0,5.3987115445980593e-11
1833.0,1.6901260580156873e-11
1834.0,1.374610668076848e-10
1835.0,1.3212562435732343e-11
1836.0,3.515297225016438e-11
1837.0,5.499074446032154e-11
1838.0,8.95333431843185e-11
1839.0,5.3836334743898946e-11
1840.0,0.0
1841.0,0.0
1842.0,7.636473311120155e-10
1843.0,0.0
1844.0,6.202807102661174e-11
1845.0,1.3474191776187731e-11
1846.0,8.491167650983781e-12
1847.0,2.3029941886049938e-09
1848.0,1.2771320671790378e-12
1849.0,6.548402001358473e-10
1850.0,0.0
1851.0,0.0
1852.0,3.4760838295092506e-11
1853.0,3.4986450405749456e-12
1854.0,0.0
1855.0,4.146687626575901e-11
1856.0,1.2331580580001864e-11
1857.0,8.817320181693384e-12
1858.0,2.0262252031250626e-11
1859.0,9.693933763315258e-11
1860.0,1.0253308331538503e-10
1861.0,1.6058843636733915e-08
1862.0,4.619521000362569e-10
1863.0,6.120353484967026e-11
1864.0,2.7411230532990354e-10
1865.0,2.784713434383996e-12
1866.0,2.6169962890800087e-10
1867.0,0.0
1868.0,0.0
1869.0,2.078572539395498e-11
1870.0,3.3020396344318347e-10
1871.0,4.361715908735321e-11
1872.0,3.59417426433711e-11
1873.0,7.929292894330195e-12
1874.0,1.506969014354817e-11
1875.0,5.245237462990085e-10
1876.0,6.020281823899342e-12
1877.0,0.0
1878.0,0.0
1879.0,8.207005210556092e-11
1880.0,1.0216549527760266e-10
1881.0,0.0
1882.0,5.508579348085772e-10
1883.0,4.2421549210041775e-11
1884.0,4.773927746482783e-09
1885.0,3.358485979647465e-10
1886.0,3.4821103812735807e-12
1887.0,6.126514814955055e-11
1888.0,1.6406401201084164e-10
1889.0,1.3811258632513842e-10
1890.0,4.127034890222519e-11
1891.0,1.6486104192930213e-11
1892.0,1.3339301065968571e-11
1893.0,4.921916945304209e-11
1894.0,2.2730272760519192e-10
1895.0,2.0923281463875553e-10
1896.0,2.347892323344491e-11
1897.0,3.1336576033611476e-11
1898.0,9.930216622000314e-11
1899.0,5.7953448634170487e-11
1900.0,2.49837969215418e-11
1901.0,1.5207885057738597e-09
1902.0,2.2540002459565804e-11
1903.0,3.5631238597634885e-11
1904.0,3.870646790326966e-11
1905.0,4.659502252446082e-08
1906.0,1.1691515420914861e-09
1907.0,3.424106866083874e-09
1908.0,1.9305837569002102e-10
1909.0,5.0210720836992114e-11
1910.0,2.2818471063109396e-10
1911.0,3.2229831510032533e-10
1912.0,9.165631686833973e-11
1913.0,7.66745937870626e-10
1914.0,1.9016958893724607e-08
1915.0,1.8452447289580568e-10
1916.0,6.2357156598012225e-09
1917.0,3.4185418440326885e-10
1918.0,6.035999988980743e-10
1919.0,3.967749242030655e-10
1920.0,1.7534757907835058e-11
1921.0,7.345098399826498e-11
1922.0,1.7357333768402516e-08
1923.0,6.4026557563723254e-09
1924.0,8.775149202312713e-11
1925.0,1.059644191728564e-09
1926.0,9.462457044898644e-10
1927.0,8.699332072611861e-10
1928.0,6.449833577550863e-10
1929.0,6.888053506272319e-10
1930.0,6.334933100293127e-09
1931.0,2.6737167228290582e-09
1932.0,2.1979667840188973e-09
1933.0,1.4557729326337667e-08
1934.0,2.7825276058534865e-09
1935.0,1.0839218939885672e-09
1936.0,4.4173638398994334e-10
1937.0,2.059471371782733e-09
1938.0,6.170741823953854e-08
1939.0,3.142224258163942e-09
1940.0,1.9998218119168474e-09
1941.0,1.3750426594412492e-08
1942.0,1.1073994640581443e-08
1943.0,5.271435599163216e-09
1944.0,2.2955954475586132e-07
1945.0,1.5713146238138317e-09
1946.0,1.3399672222791974e-09
1947.0,2.6712476331778627e-09
1948.0,1.5349456443446885e-08
1949.0,3.5788722949906773e-09
1950.0,4.17345979027004e-08
1951.0,2.8026596762420607e-09
1952.0,6.04456409643877e-08
1953.0,1.805161126687206e-09
1954.0,1.944095587880374e-09
1955.0,8.491547228317409e-10
1956.0,9.911711564653545e-10
1957.0,1.5744155640960866e-09
1958.0,3.2422479923891122e-09
1959.0,1.2277971391529922e-08
1960.0,3.4004273034566043e-10
1961.0,7.488189431776275e-09
1962.0,4.727381087189179e-08
1963.0,5.04290486881462e-07
1964.0,7.816030958862457e-09
1965.0,1.4534749088542215e-08
1966.0,1.840374622457085e-10
1967.0,5.542034792744924e-07
1968.0,5.851036380474276e-09
1969.0,1.1855430835849989e-07
1970.0,9.487722137175252e-08
1971.0,9.127922866846574e-09
1972.0,3.670569167215943e-08
1973.0,6.582820586077115e-08
1974.0,1.1386338538766035e-08
1975.0,2.0375445071848228e-07
1976.0,1.944590553482613e-09
1977.0,3.2238307942238216e-09
1978.0,2.289370360613378e-09
1979.0,3.0396598237604423e-09
1980.0,1.1540106309568159e-08
1981.0,5.087491767500294e-09
1982.0,3.5133623435088354e-10
1983.0,9.635492331912751e-10
1984.0,6.275406725208869e-08
1985.0,2.919917998663709e-08
1986.0,2.5629800318678757e-09
1987.0,2.25321058553824e-08
1988.0,5.201578827198538e-09
1989.0,2.2853523684175772e-09
1990.0,1.8638145278802077e-08
1991.0,2.2334375807386237e-08
1992.0,3.650860403197756e-10
1993.0,1.3876592159742292e-07
1994.0,1.8372906908196082e-07
1995.0,9.22684485791556e-08
1996.0,7.402956050175905e-08
1997.0,1.3401861905245813e-07
1998.0,2.6516451748707648e-08
1999.0,6.639722163062458e-09
2000.0,4.7258775644609306e-09
2001.0,1.911392034426906e-09
2002.0,1.6967170538139067e-07
2003.0,6.526460718966045e-09
2004.0,7.648040379292528e-08
2005.0,1.0595085160915828e-08
2006.0,1.8915105593553733e-08
2007.0,3.471967030696122e-08
2008.0,2.38717715322466e-08
2009.0,1.9092661636245015e-08
2010.0,1.033474901824764e-08
2011.0,9.367771487797126e-08
2012.0,1.3092822652711036e-08
2013.0,2.5474488984745474e-09
2014.0,3.0434861677684465e-09
2015.0,7.393504177637112e-09
2016.0,2.152235358073011e-09
2017.0,2.885956503600253e-08
2018.0,3.692010625299471e-08
2019.0,1.659211710843122e-08
2020.0,8.522446786780068e-09
2021.0,5.662734039631122e-08
2022.0,3.5165003215417474e-08
2023.0,2.8114636518804594e-08
2024.0,3.79501121786807e-09
2025.0,1.1882443920601488e-08
2026.0,7.018476712638399e-09
2027.0,3.1034919302729863e-08
2028.0,3.4718714779023404e-08
2029.0,7.420579715375237e-07
2030.0,1.8593536531000715e-07
2031.0,1.615808446033474e-07
2032.0,4.470204604276027e-09
2033.0,5.8546730084004044e-08
2034.0,3.3621921283176967e-09
2035.0,1.3648945668262493e-06
2036.0,3.4102001605180657e-07
2037.0,4.7276268556004886e-08
2038.0,2.1651497827948056e-07
2039.0,1.4829024608115419e-08
2040.0,1.940262052541627e-08
2041.0,3.8240360681142464e-08
2042.0,2.4359757025945727e-09
2043.0,3.3938262578109284e-08
2044.0,2.1487670654105478e-08
2045.0,9.134083531264776e-08
2046.0,9.268470579911198e-09
2047.0,3.807314684586834e-06
2048.0,9.231062150704122e-09
2049.0,1.1996797271958347e-09
2050.0,3.800618443005331e-09
2051.0,1.9871868686899296e-08
2052.0,1.3683072022994426e-08
2053.0,6.870016444663996e-07
2054.0,1.8349200678832618e-09
2055.0,2.3747215732008063e-07
2056.0,1.2630435599928177e-08
2057.0,7.169862650843468e-08
2058.0,2.0140423695225465e-08
2059.0,2.241626986925186e-09
2060.0,5.6412774776640115e-09
2061.0,4.695607296028191e-09
2062.0,2.169820011620194e-08
2063.0,1.6114994767602026e-09
2064.0,1.2817118218769575e-09
2065.0,1.9069359023562955e-07
2066.0,9.453282700678355e-09
2067.0,3.923809044000227e-08
2068.0,1.323155911587282e-07
2069.0,1.6646873723940507e-08
2070.0,1.365161962281458e-09
2071.0,1.6721086026248564e-08
2072.0,4.246380677386085e-09
2073.0,4.8509855215609284e-08
2074.0,4.226886887714073e-09
2075.0,2.2991411647826434e-08
2076.0,9.595429561492486e-09
2077.0,1.089684070490536e-08
2078.0,4.747640158490511e-09
2079.0,1.8199070000312657e-08
2080.0,4.2311921160523384e-08
2081.0,7.999142781627978e-08
2082.0,2.901582965167692e-09
2083.0,2.0932111213724942e-08
2084.0,5.1041801938791605e-09
2085.0,5.7689488790549155e-09
2086.0,8.146071703519917e-09
2087.0,1.0302698529101285e-07
2088.0,6.574328261489262e-08
2089.0,2.3300473756117917e-07
2090.0,5.929238093611756e-07
2091.0,8.355602452582933e-09
2092.0,9.158146859077088e-09
2093.0,2.5474343205358738e-08
2094.0,7.872238438571589e-07
2095.0,5.2725029182895956e-08
2096.0,1.7001890898666005e-08
2097.0,7.869312114514594e-09
2098.0,7.710543240876696e-08
2099.0,7.252758604443314e-09
2100.0,2.517048400483135e-07
2101.0,2.294428404776566e-08
2102.0,2.560433622937232e-07
2103.0,6.380474464227408e-06
2104.0,2.57663920593671e-08
2105.0,3.8866163583273634e-06
2106.0,7.796622618131801e-09
2107.0,3.7104290460871876e-08
2108.0,2.0558136747596565e-06
2109.0,1.2737418718596663e-08
2110.0,1.1643119203213589e-07
2111.0,6.563322224976408e-08
2112.0,3.1574362682751084e-08
2113.0,1.2533351851624824e-07
2114.0,3.250872165301853e-08
2115.0,1.9297033112826054e-08
2116.0,3.5644635221955824e-08
2117.0,2.0280008663465647e-08
2118.0,7.176042850938848e-08
2119.0,4.403290614758153e-06
2120.0,6.816144832785937e-08
2121.0,2.0324027307642243e-08
2122.0,1.0427542882743479e-07
2123.0,1.6603346320435178e-07
2124.0,6.701188640936794e-08
2125.0,2.1159747980457857e-07
2126.0,5.47855777355604e-08
2127.0,4.9092790781346635e-08
2128.0,5.26107787490989e-08
2129.0,6.923131601192209e-07
2130.0,1.5492334448876423e-08
2131.0,2.7163329915694608e-08
2132.0,4.8467539986518676e-08
2133.0,2.9537012439894845e-07
2134.0,2.418272640758786e-07
2135.0,6.210208843190818e-09
2136.0,8.409450735320147e-08
2137.0,6.83520417019276e-07
2138.0,6.121405511870924e-08
2139.0,2.390479382647763e-07
2140.0,1.3924379724559104e-07
2141.0,1.622835459166225e-07
2142.0,1.0051336086372655e-07
2143.0,5.304339842816257e-07
2144.0,8.741691817157843e-07
2145.0,6.53562125579672e-08
2146.0,4.313499894448603e-08
2147.0,1.718754988165816e-07
2148.0,2.2326705797990595e-06
2149.0,2.3567239349093393e-07
2150.0,4.096690586260786e-08
2151.0,5.335459790668669e-08
2152.0,9.546572758111744e-08
2153.0,1.7825013201866284e-07
2154.0,8.22404428845501e-08
2155.0,2.188742340572747e-07
2156.0,3.002296002982623e-06
2157.0,7.792500650374277e-07
2158.0,1.1296552461492698e-07
2159.0,8.289904588029155e-07
2160.0,1.194636911217696e-07
2161.0,9.284835535562704e-08
2162.0,1.3234927089272105e-07
2163.0,3.2237707327248905e-07
2164.0,3.892553335895191e-06
2165.0,2.1566683477820707e-07
2166.0,2.5480664899194944e-07
2167.0,1.5931380827705414e-07
2168.0,7.619685518100214e-07
2169.0,5.278886394905818e-07
2170.0,8.137766014121985e-07
2171.0,3.4721783244909273e-06
2172.0,9.355598489028794e-07
2173.0,1.6072848316265792e-07
2174.0,1.654580283311859e-07
2175.0,2.842889713365696e-07
2176.0,7.930651825435506e-06
2177.0,9.008099846938522e-08
2178.0,2.969244577518522e-06
2179.0,2.8982122101090136e-06
2180.0,7.350948798460514e-07
2181.0,1.003971086511314e-06
2182.0,2.5271183299516606e-05
2183.0,3.5637215241864877e-07
2184.0,1.2111453521389839e-05
2185.0,4.5862961709234466e-07
2186.0,1.297555987797737e-07
2187.0,1.7236966731459766e-07
2188.0,1.5003920741601999e-06
2189.0,5.412867090654101e-07
2190.0,5.048791144932044e-08
2191.0,9.04429608203647e-07
2192.0,3.108551103910965e-07
2193.0,2.5242963513136355e-05
2194.0,9.268908810329111e-07
2195.0,2.0007210810242882e-05
2196.0,6.423943612118823e-07
2197.0,1.2587147808750964e-06
2198.0,1.6391656299984315e-05
2199.0,9.67445530897788e-07
2200.0,1.5439821018586206e-07
2201.0,1.5542438459977653e-05
2202.0,1.9777773595322505e-07
2203.0,5.438135366434727e-07
2204.0,3.8563458234230146e-07
2205.0,1.7259649156076078e-06
2206.0,3.9787601864917e-07
2207.0,2.560392982714847e-06
2208.0,3.3114897426853943e-06
2209.0,2.548094660207646e-07
2210.0,6.498759309302039e-06
2211.0,2.999573504213299e-07
2212.0,1.8726863524553932e-05
2213.0,7.893292598301145e-07
2214.0,1.6874498145603563e-06
2215.0,3.5561019937653384e-06
2216.0,1.784413766140995e-06
2217.0,7.727916461302177e-07
2218.0,7.45383457754938e-06
2219.0,8.517755783122105e-07
2220.0,2.9281621792150353e-06
2221.0,2.7188477867387805e-06
2222.0,5.936709320658389e-07
2223.0,5.707087662622766e-07
2224.0,2.1018050681629542e-07
2225.0,1.2178816744550797e-06
2226.0,5.19631136342039e-07
2227.0,3.316749863910677e-05
2228.0,1.6757961448827422e-05
2229.0,3.8107945082087318e-06
2230.0,9.776635158795968e-07
2231.0,1.1799462632567017e-06
2232.0,1.693979480554717e-05
2233.0,3.8364562505698956e-06
2234.0,1.6695273956590401e-06
2235.0,7.688119517864901e-07
2236.0,2.671474423024083e-06
2237.0,1.1741506465601125e-05
2238.0,2.097247248639368e-06
2239.0,6.9223757909758485e-06
2240.0,8.395541808337933e-07
2241.0,6.207004677489167e-07
2242.0,1.3337870077024724e-06
2243.0,1.1318557652390779e-06
2244.0,1.9951145895457353e-06
2245.0,1.54394923157073e-05
2246.0,5.16739888670593e-07
2247.0,6.230842456724651e-06
2248.0,3.567055159723122e-05
2249.0,5.3291372367410635e-06
2250.0,7.287479268792221e-06
2251.0,1.4791431482072825e-05
2252.0,6.473148278315468e-06
2253.0,1.038711513814041e-06
2254.0,1.3905985865134166e-06
2255.0,4.854940678131431e-07
2256.0,7.16238835700054e-07
2257.0,0.00012927817537231246
2258.0,9.612051158292787e-06
2259.0,4.289103461893195e-07
2260.0,4.1231378020835604e-07
2261.0,5.471261562752942e-07
2262.0,1.7342386138419455e-06
2263.0,9.606277402454134e-07
2264.0,6.911466230314513e-06
2265.0,3.2927578523200345e-06
2266.0,1.4114899207569611e-05
2267.0,1.017649525436279e-06
2268.0,1.925186188718892e-06
2269.0,1.9765698620684686e-06
2270.0,3.886157593253283e-06
2271.0,4.928794219609788e-07
2272.0,4.7242467490166904e-06
2273.0,4.6226920074655984e-07
2274.0,2.5869726482306115e-05
2275.0,6.016263220796289e-07
2276.0,2.505486089485898e-06
2277.0,4.242830876839573e-07
2278.0,1.6264515168747414e-06
2279.0,4.5616540174457365e-07
2280.0,9.909886538764823e-07
2281.0,1.4112911426280413e-06
2282.0,2.607986051244362e-06
2283.0,4.028304799342038e-07
2284.0,1.4832819656379696e-07
2285.0,0.00018704528183878123
2286.0,5.810829061995848e-05
2287.0,1.4616133289994063e-06
2288.0,8.802008333945962e-07
2289.0,4.58632393456893e-05
2290.0,3.268424525357304e-06
2291.0,2.0090389145565833e-06
2292.0,6.434213042794981e-08
2293.0,5.406877592496441e-07
2294.0,4.547220418940193e-06
2295.0,2.4419976092391824e-06
2296.0,7.583068814417981e-07
2297.0,4.538054318921098e-06
2298.0,6.82268150771195e-07
2299.0,6.523660265167395e-06
2300.0,5.850528818282963e-07
2301.0,1.7535192404592538e-06
2302.0,1.1613208909189714e-06
2303.0,0.00018711715170832268
2304.0,8.327940634436814e-07
2305.0,2.859927194442123e-06
2306.0,1.4973107973216194e-06
2307.0,6.851489271576283e-07
2308.0,2.6242659038983824e-05
2309.0,8.963276487229708e-06
2310.0,3.6309904803363587e-06
2311.0,1.0193519245153646e-05
2312.0,6.016704556948767e-06
2313.0,3.0190469799058036e-06
2314.0,2.3761877484127344e-06
2315.0,1.879428498966909e-05
2316.0,4.850785135521064e-06
2317.0,5.144884836496705e-05
2318.0,1.8433881410002464e-05
2319.0,7.314363909878273e-05
2320.0,8.233845671326489e-05
2321.0,1.2618658759990388e-05
2322.0,9.12244858771006e-06
2323.0,4.50084854505473e-05
2324.0,2.822479627677501e-05
2325.0,8.833835421092529e-05
2326.0,0.00022226654685554283
2327.0,1.2186094573532028e-05
2328.0,8.46658487087329e-06
2329.0,3.9717446433906315e-05
2330.0,2.7583876822906518e-05
2331.0,6.246819049575392e-06
2332.0,2.299934916524048e-06
2333.0,2.115974151922264e-06
2334.0,8.149300520693827e-05
2335.0,1.5370703745121575e-05
2336.0,1.8402738367321451e-06
2337.0,9.130710988225271e-07
2338.0,1.5230439019488389e-06
2339.0,6.242518876506773e-07
2340.0,2.8656082400504255e-06
2341.0,1.7007004042944015e-07
2342.0,5.782684544927815e-07
2343.0,1.513748445821211e-07
2344.0,8.253830015577998e-07
2345.0,2.347455758970196e-06
2346.0,2.5993267256130695e-07
2347.0,6.582904433354212e-07
2348.0,1.1225916397975968e-07
2349.0,1.2521929399963603e-07
2350.0,2.2611497511123293e-06
2351.0,5.942798626388916e-07
2352.0,8.0950832356858e-07
2353.0,3.908869388573826e-07
2354.0,4.0627050165773116e-07
2355.0,2.8403334240641274e-07
2356.0,3.1981254387999037e-06
2357.0,7.306798638871134e-08
2358.0,2.762011004502995e-06
2359.0,1.264347735538806e-06
2360.0,1.9343411721446293e-06
2361.0,5.127875632775894e-06
2362.0,2.3879544800742627e-06
2363.0,5.727694127210609e-07
2364.0,3.271307965168769e-06
2365.0,8.760873185113436e-07
2366.0,1.043615102522066e-06
2367.0,1.0604564317538831e-06
2368.0,4.369978686216109e-07
2369.0,9.78130669365924e-07
2370.0,1.4428648859507685e-07
2371.0,3.0054111937194413e-07
2372.0,5.157991436434504e-07
2373.0,1.5825441056926651e-06
2374.0,3.587739406635152e-06
2375.0,1.7675683455242199e-06
2376.0,4.232496248431275e-07
2377.0,1.7801301359630249e-06
2378.0,5.3542014233283e-07
2379.0,4.587058808809156e-06
2380.0,5.059467505680416e-05
2381.0,1.931020968628885e-06
2382.0,8.267659277645559e-07
2383.0,1.6564517721411717e-05
2384.0,4.292435900932697e-05
2385.0,2.64498315734886e-05
2386.0,3.587591599913694e-06
2387.0,3.924906031608979e-07
2388.0,3.06233191249155e-05
2389.0,3.929242655067984e-05
2390.0,0.0001489165862263876
2391.0,1.2119554452319338e-06
2392.0,1.4376441189489282e-06
2393.0,1.8973313390345828e-06
2394.0,6.240596126603998e-06
2395.0,2.593434852558578e-06
2396.0,5.7921341721368135e-06
2397.0,3.985975782711787e-05
2398.0,6.050107117970325e-06
2399.0,5.669608149019008e-07
2400.0,8.02401363195161e-08
2401.0,1.757996150386881e-05
2402.0,8.107163834156045e-06
2403.0,2.2448530585683106e-05
2404.0,7.760229291205258e-05
2405.0,0.0004240039062556813
2406.0,1.329071580217656e-06
2407.0,2.2749179114952956e-06
2408.0,5.422103686799404e-07
2409.0,3.506356446678413e-06
2410.0,1.0969223277175716e-06
2411.0,2.2843405891083686e-06
2412.0,1.0287668496321603e-06
2413.0,2.576103373853426e-06
2414.0,2.58065559385229e-06
2415.0,3.665334333804152e-06
2416.0,6.869287384814902e-07
2417.0,1.1993557609812393e-06
2418.0,5.071619258700325e-07
2419.0,1.6422951295071264e-06
2420.0,6.2673917019341e-07
2421.0,7.373192122887677e-06
2422.0,1.358815010709363e-06
2423.0,2.956095759632518e-06
2424.0,2.526350717312448e-06
2425.0,4.5497212761536115e-06
2426.0,8.598012697321213e-06
2427.0,1.1492298074506746e-06
2428.0,6.889047582873998e-07
2429.0,2.3287392930885496e-06
2430.0,1.0583553611335062e-06
2431.0,6.585421114838243e-05
2432.0,9.088676505379318e-07
2433.0,1.7152469556236929e-06
2434.0,1.825708475968447e-07
2435.0,1.2365237263192426e-05
2436.0,1.900684329975091e-07
2437.0,9.918692371966498e-07
2438.0,1.344800159344993e-06
2439.0,1.3353095291897836e-05
2440.0,2.478474770683544e-06
2441.0,1.1123159487081408e-07
2442.0,1.9545071936999795e-07
2443.0,1.4265453264045564e-06
2444.0,7.847086029158695e-05
2445.0,1.7522256164069506e-07
2446.0,5.980113082421329e-06
2447.0,2.143231383243107e-07
2448.0,4.7037201395805964e-07
2449.0,6.807433732019016e-07
2450.0,9.98077954521921e-08
2451.0,3.3786875227903835e-07
2452.0,1.068139449166088e-06
2453.0,1.0664242473711339e-06
2454.0,8.197456716032573e-06
2455.0,3.512384820258702e-08
2456.0,9.303160388431155e-08
2457.0,8.254932304361763e-07
2458.0,5.339041085351764e-07
2459.0,8.030359727864643e-08
2460.0,4.8236444188540884e-08
2461.0,1.823587534673251e-08
2462.0,2.777479962913239e-07
2463.0,1.263774705365172e-08
2464.0,8.155885835156861e-07
2465.0,2.1397552442701523e-07
2466.0,6.39876348353838e-07
2467.0,3.0014298428908336e-07
2468.0,8.431674574637056e-08
2469.0,5.626690328371439e-08
2470.0,1.8131621859193936e-08
2471.0,6.881516429334858e-07
2472.0,1.1792430018608879e-07
2473.0,3.0676320772546034e-07
2474.0,5.600680608829108e-08
2475.0,6.725794347164861e-09
2476.0,1.0734134773824333e-06
2477.0,1.7120576763023716e-06
2478.0,1.4588185095403793e-07
2479.0,3.4384576682629276e-08
2480.0,1.0695347474061901e-07
2481.0,1.0438795559440565e-08
2482.0,1.8609649662162822e-07
2483.0,8.161146712467704e-08
2484.0,8.146596524849673e-07
2485.0,1.539759691360051e-08
2486.0,1.34241433619864e-08
2487.0,2.693959340444971e-07
2488.0,2.5736418081624222e-09
2489.0,1.4982143327102244e-08
2490.0,1.9075642148593635e-07
2491.0,4.554975207891013e-09
2492.0,1.4150604360265168e-08
2493.0,4.750982873715241e-09
2494.0,2.4258407171864075e-08
2495.0,4.1962527173606106e-09
2496.0,5.455000002763478e-08
2497.0,2.575858920392453e-08
2498.0,1.1700110547438786e-08
2499.0,3.713779750328564e-08
2500.0,8.975024640221881e-09
2501.0,1.1542119430962988e-08
2502.0,9.533554948770149e-09
2503.0,4.070101785555141e-09
2504.0,1.7535263408003738e-09
2505.0,4.4977100844596316e-08
2506.0,6.411405873190107e-09
2507.0,2.9257161158599455e-09
2508.0,4.722562561623594e-09
2509.0,4.761696990954936e-09
2510.0,1.3199105268855042e-08
2511.0,3.8209099012206086e-09
2512.0,5.290694782439092e-10
2513.0,9.599858486047438e-10
2514.0,1.4272399590109161e-09
2515.0,5.915729656007132e-09
2516.0,6.139207595512524e-09
2517.0,2.0411741021823573e-08
2518.0,1.5095688557340518e-09
2519.0,7.181040396326814e-09
2520.0,5.761778860939253e-09
2521.0,3.037940965129585e-09
2522.0,1.3072814087069653e-09
2523.0,3.058580478693656e-10
2524.0,2.8475406750747725e-10
2525.0,1.0599160354493705e-08
2526.0,5.5956791590131137e-11
2527.0,7.924464670483127e-10
2528.0,2.460781299688367e-09
2529.0,7.433084417104954e-11
2530.0,3.822577924129641e-10
2531.0,2.2282709638295736e-09
2532.0,0.0
2533.0,1.705524773251206e-11
2534.0,1.5449251176362947e-09
2535.0,1.1787460144030017e-11
2536.0,1.0114618308847367e-10
2537.0,8.092234969508277e-12
2538.0,2.6705291569573436e-10
2539.0,5.283584970075247e-11
2540.0,3.963804498554062e-10
2541.0,1.0435071802848044e-11
2542.0,2.614120166135536e-11
2543.0,8.264490384963244e-09
2544.0,2.9333018066298226e-12
2545.0,2.8999823151897158e-11
2546.0,1.4256424410204737e-11
2547.0,0.0
2548.0,1.8333429726973703e-12
2549.0,0.0
2550.0,0.0
2551.0,2.162252089856516e-11
2552.0,7.906894050400847e-12
2553.0,2.9265545713057844e-11
2554.0,3.4020263586064514e-11
2555.0,3.95047636155654e-11
2556.0,1.353261627373942e-10
2557.0,1.000317005528328e-11
2558.0,0.0
2559.0,3.411923308577258e-10
2560.0,0.0
2561.0,0.0
2562.0,1.0787844455076944e-11
2563.0,0.0
2564.0,0.0
2565.0,2.664176308355329e-11
2566.0,9.895026501189767e-11
2567.0,2.704687062698767e-11
2568.0,4.5328398192694274e-12
2569.0,8.268459509668628e-12
2570.0,6.501500612695507e-11
2571.0,0.0
2572.0,0.0
2573.0,1.947575375462141e-09
2574.0,7.233069150739065e-11
2575.0,0.0
2576.0,4.079171858058418e-12
2577.0,2.4294644547257137e-12
2578.0,3.755959312391906e-10
2579.0,0.0
2580.0,2.1381385474308591e-10
2581.0,0.0
2582.0,0.0
2583.0,7.724801961264643e-11
2584.0,1.8085899238887983e-09
2585.0,0.0
2586.0,0.0
2587.0,1.289272770458854e-10
2588.0,0.0
2589.0,1.434848785001612e-11
2590.0,4.939262518747542e-12
2591.0,0.0
2592.0,0.0
2593.0,0.0
2594.0,4.2136503267036985e-11
2595.0,1.6524420135315905e-12
2596.0,2.8868376261821785e-12
2597.0,1.593376777920287e-11
2598.0,3.8070717553147316e-10
2599.0,0.0
2600.0,0.0
2601.0,1.6444183501397976e-11
2602.0,0.0
2603.0,0.0
2604.0,0.0
2605.0,0.0
2606.0,1.0890771945043599e-12
2607.0,0.0
2608.0,4.6344406257201635e-11
2609.0,6.8084691194039255e-12
2610.0,2.707225736661162e-12
2611.0,6.834641055135011e-11
2612.0,1.6640224230875045e-12
2613.0,0.0
2614.0,0.0
2615.0,0.0
2616.0,2.14152000281035e-11
2617.0,0.0
2618.0,0.0
2619.0,0.0
2620.0,0.0
2621.0,0.0
2622.0,0.0
2623.0,0.0
2624.0,0.0
2625.0,0.0
2626.0,0.0
2627.0,0.0
2628.0,0.0
2629.0,0.0
2630.0,0.0
2631.0,0.0
2632.0,0.0
2633.0,0.0
2634.0,0.0
2635.0,0.0
2636.0,0.0
2637.0,0.0
2638.0,0.0
2639.0,0.0
2640.0,0.0
2641.0,0.0
2642.0,0.0
2643.0,0.0
2644.0,0.0
2645.0,0.0
2646.0,0.0
2647.0,0.0
2648.0,0.0
2649.0,0.0
2650.0,0.0
2651.0,0.0
2652.0,0.0
2653.0,0.0
2654.0,0.0
2655.0,0.0
2656.0,0.0
2657.0,0.0
2658.0,0.0
2659.0,0.0
2660.0,0.0
2661.0,0.0
2662.0,0.0
2663.0,0.0
2664.0,0.0
2665.0,0.0
2666.0,0.0
2667.0,0.0
2668.0,0.0
2669.0,0.0
2670.0,0.0
2671.0,0.0
2672.0,0.0
2673.0,0.0
2674.0,0.0
2675.0,0.0
2676.0,0.0
2677.0,0.0
2678.0,0.0
2679.0,0.0
2680.0,0.0
2681.0,0.0
2682.0,0.0
2683.0,0.0
2684.0,0.0
2685.0,0.0
2686.0,0.0
2687.0,0.0
2688.0,0.0
2689.0,0.0
2690.0,0.0
2691.0,0.0
2692.0,0.0
2693.0,0.0
2694.0,0.0
2695.0,0.0
2696.0,0.0
2697.0,0.0
2698.0,0.0
2699.0,0.0
2700.0,0.0
2701.0,0.0
2702.0,0.0
2703.0,0.0
2704.0,0.0
2705.0,0.0
2706.0,0.0
2707.0,0.0
2708.0,0.0
2709.0,0.0
2710.0,0.0
2711.0,0.0
2712.0,0.0
2713.0,0.0
2714.0,0.0
2715.0,0.0
2716.0,0.0
2717.0,0.0
2718.0,0.0
2719.0,0.0
2720.0,0.0
2721.0,0.0
2722.0,0.0
2723.0,0.0
2724.0,0.0
2725.0,0.0
2726.0,0.0
2727.0,0.0
2728.0,0.0
2729.0,0.0
2730.0,0.0
2731.0,0.0
2732.0,0.0
2733.0,0.0
2734.0,2.908783377437934e-11
2735.0,8.144669143312323e-11
2736.0,0.0
2737.0,4.68189030474579e-11
2738.0,0.0
2739.0,1.7196747743131178e-12
2740.0,0.0
2741.0,0.0
2742.0,0.0
2743.0,0.0
2744.0,0.0
2745.0,0.0
2746.0,0.0
2747.0,0.0
2748.0,0.0
2749.0,0.0
2750.0,0.0
2751.0,2.3584130293324156e-09
2752.0,0.0
2753.0,0.0
2754.0,1.457352390568544e-11
2755.0,0.0
2756.0,0.0
2757.0,3.4688088792639024e-11
2758.0,0.0
2759.0,0.0
2760.0,0.0
2761.0,0.0
2762.0,0.0
2763.0,0.0
2764.0,8.746925660791708e-09
2765.0,0.0
2766.0,0.0
2767.0,1.5389337739157296e-11
2768.0,3.448207365355872e-11
2769.0,0.0
2770.0,1.3220662839637494e-10
2771.0,0.0
2772.0,0.0
2773.0,0.0
2774.0,0.0
2775.0,0.0
2776.0,1.0350118182188253e-11
2777.0,0.0
2778.0,2.2075472490604243e-11
2779.0,0.0
2780.0,0.0
2781.0,0.0
2782.0,2.355719219243012e-11
2783.0,0.0
2784.0,9.289778087838814e-12
2785.0,2.0774851459692438e-10
2786.0,0.0
2787.0,4.8783845069777966e-12
2788.0,2.6066643118270386e-09
2789.0,0.0
2790.0,0.0
2791.0,2.4702056403461218e-11
2792.0,0.0
2793.0,4.777893219962814e-11
2794.0,1.7990422876282783e-11
2795.0,8.789844064992847e-10
2796.0,1.9024397897797575e-11
2797.0,3.0326854854878956e-12
2798.0,0.0
2799.0,0.0
2800.0,6.033200247335154e-10
2801.0,1.7602615261431107e-10
2802.0,2.355891333141717e-11
2803.0,2.4785712297223e-10
2804.0,6.1976854515060295e-12
2805.0,3.722916159623731e-09
2806.0,3.9711332917469293e-11
2807.0,0.0
2808.0,1.5031900490089926e-10
2809.0,3.045096753061543e-12
2810.0,1.7415611584463803e-11
2811.0,0.0
2812.0,0.0
2813.0,0.0
2814.0,2.7053096322826953e-12
2815.0,2.819651336702247e-09
2816.0,4.4695897353245445e-12
2817.0,4.046771501827138e-10
2818.0,5.054954199379837e-11
2819.0,2.5324967702468894e-09
2820.0,0.0
2821.0,5.800139162942239e-09
2822.0,2.0113950066694705e-10
2823.0,0.0
2824.0,8.92788045569576e-08
2825.0,8.760494777429578e-11
2826.0,0.0
2827.0,5.234817959324898e-12
2828.0,1.0589539858123443e-09
2829.0,1.32783172483971e-10
2830.0,1.765204411202939e-11
2831.0,7.936284633545679e-11
2832.0,7.964080447153019e-11
2833.0,7.381964031432642e-08
2834.0,9.138961523089165e-10
2835.0,9.872901662784856e-10
2836.0,0.0
2837.0,7.078432166168327e-11
2838.0,6.140908737767707e-10
2839.0,4.5445816002585906e-11
2840.0,5.621211508272603e-12
2841.0,9.329725834399007e-12
2842.0,0.0
2843.0,1.96295161125984e-10
2844.0,0.0
2845.0,2.7167873370124447e-12
2846.0,7.251496880509558e-11
2847.0,1.1912717313683545e-11
2848.0,5.860559740655333e-10
2849.0,4.0569581616166875e-10
2850.0,0.0
2851.0,1.5449709249250448e-12
2852.0,3.585468141857903e-11
2853.0,1.6088790835479237e-12
2854.0,1.180389588057935e-10
2855.0,2.0807349990810227e-10
2856.0,1.5839538584529492e-11
2857.0,0.0
2858.0,3.080010673604086e-11
2859.0,2.1100757363098572e-10
2860.0,2.8456954545987975e-12
2861.0,3.282423729705326e-10
2862.0,2.5711357459867126e-09
2863.0,0.0
2864.0,1.0669375145717652e-08
2865.0,0.0
2866.0,6.682080273234087e-10
2867.0,0.0
2868.0,0.0
2869.0,7.808851710194109e-09
2870.0,2.118316250548727e-09
2871.0,0.0
2872.0,0.0
2873.0,1.2168693437442777e-10
2874.0,1.5010693375048128e-12
2875.0,4.3868280543318287e-10
2876.0,2.2688159090472362e-10
2877.0,2.667563229436107e-09
2878.0,2.3850605087416713e-11
2879.0,0.0
2880.0,2.3683593357006634e-10
2881.0,0.0
2882.0,0.0
2883.0,2.5418219339852105e-10
2884.0,0.0
2885.0,0.0
2886.0,6.684509706495481e-09
2887.0,8.293414039946833e-10
2888.0,1.556751213800301e-08
2889.0,1.542171544010114e-09
2890.0,1.5000393038913735e-07
2891.0,1.8697683079514537e-11
2892.0,7.59602307986468e-12
2893.0,2.3130077879215347e-11
2894.0,2.9907260925433614e-09
2895.0,8.485339008787636e-11
2896.0,4.149488403382921e-10
2897.0,3.957170807477465e-09
2898.0,5.1576594909983366e-11
2899.0,2.746625753838437e-10
2900.0,1.3156206063779557e-09
2901.0,7.461051464238224e-09
2902.0,1.1468912489241808e-09
2903.0,1.0031774830008205e-10
2904.0,4.549122248263613e-09
2905.0,4.363620924059106e-10
2906.0,3.931565454161975e-10
2907.0,4.135899320229319e-12
2908.0,0.0
2909.0,2.6196992390405068e-09
2910.0,6.113189997963634e-10
2911.0,3.5139583773324675e-10
2912.0,7.231139306548562e-09
2913.0,1.8455424356490514e-09
2914.0,4.873028014270534e-10
2915.0,4.301009456924936e-10
2916.0,1.1998020249861205e-09
2917.0,1.621735162373855e-10
2918.0,1.257653021672272e-10
2919.0,2.440810954817521e-10
2920.0,9.266717025632909e-11
2921.0,4.200915670401685e-11
2922.0,1.5511490920541114e-09
2923.0,3.0508866946030306e-10
2924.0,1.4569705051091494e-10
2925.0,2.0852819273250485e-11
2926.0,3.3867694503126537e-09
2927.0,3.3744744084898784e-11
2928.0,1.370651693651369e-08
2929.0,2.6758760977445612e-08
2930.0,1.5052328774609848e-09
2931.0,4.693040701467289e-10
2932.0,6.055794909982652e-10
2933.0,9.23162819836026e-09
2934.0,4.532619771446284e-09
2935.0,6.00831495085785e-08
2936.0,3.4265523974703194e-09
2937.0,3.1879150288409643e-09
2938.0,8.104339644607274e-10
2939.0,2.617788430978559e-10
2940.0,5.627123454682828e-09
2941.0,3.349480969766229e-09
2942.0,4.994513951015413e-09
2943.0,6.889954122293744e-10
2944.0,1.6753081195215218e-11
2945.0,3.002628394088469e-10
2946.0,2.332787525065129e-09
2947.0,6.645960669309308e-09
2948.0,1.1072837932315492e-08
2949.0,7.879228572559917e-10
2950.0,5.239891242931821e-10
2951.0,1.6575311114516995e-10
2952.0,8.797636806162418e-11
2953.0,8.066485307328113e-11
2954.0,0.0
2955.0,1.470624117141956e-10
2956.0,4.198313697725307e-09
2957.0,3.4845329019056912e-09
2958.0,9.355782719217834e-09
2959.0,4.0672570143390994e-11
2960.0,6.409836475835097e-11
2961.0,2.3392053933897463e-11
2962.0,4.36329720484458e-11
2963.0,1.8875136398400658e-07
2964.0,4.7682874783478215e-12
2965.0,2.3045873682098642e-10
2966.0,8.403407317295517e-12
2967.0,1.0925163490554574e-11
2968.0,2.0487190740070483e-09
2969.0,1.0233793378153733e-08
2970.0,1.4395593273921303e-08
2971.0,3.9832968748533963e-10
2972.0,5.624924917550842e-11
2973.0,5.966513031525303e-07
2974.0,1.02308242209769e-09
2975.0,3.755695369576283e-09
2976.0,3.316495477866794e-11
2977.0,3.3458394720828793e-09
2978.0,2.1358441752392678e-10
2979.0,2.621553907827319e-08
2980.0,1.3750250201950688e-10
2981.0,3.6720453475454615e-07
2982.0,1.1690892568125966e-09
2983.0,3.404169366690317e-10
2984.0,2.4245795802086916e-09
2985.0,5.406352120553792e-09
2986.0,3.530567662290363e-08
2987.0,1.2535108687433175e-08
2988.0,2.5264282651196632e-09
2989.0,3.7972080199742e-09
2990.0,1.1397875978388621e-09
2991.0,2.4055664220667623e-08
2992.0,9.703656054283294e-09
2993.0,9.017648347991067e-11
2994.0,4.546690371982738e-09
2995.0,1.3334370269270001e-08
2996.0,8.622612820945449e-10
2997.0,1.8536570363683587e-09
2998.0,1.7918109303130977e-10
2999.0,1.1725607061163307e-10
3000.0,1.2297722478879484e-11
3001.0,2.397304240572894e-09
3002.0,5.180246346426346e-10
3003.0,1.0756783797819595e-08
3004.0,1.7543772541823193e-09
3005.0,3.6580934100580366e-10
3006.0,2.0254855620855947e-09
3007.0,2.3215953153828266e-10
3008.0,1.6724529196550284e-08
3009.0,1.9539955502737495e-09
3010.0,1.9820793203155098e-11
3011.0,1.2408115540643323e-10
3012.0,3.11667296922548e-08
3013.0,2.3454193734692527e-08
3014.0,8.923464181607792e-11
3015.0,1.2949943712867342e-09
3016.0,7.842535931783737e-10
3017.0,1.7211598969769996e-11
3018.0,2.840777041615633e-08
3019.0,3.856080178787345e-10
3020.0,5.550710052469225e-10
3021.0,1.6971119174988674e-09
3022.0,5.0476306120697287e-11
3023.0,1.989722909271466e-07
3024.0,2.8920649968385607e-10
3025.0,9.229109922902977e-09
3026.0,2.256620450392675e-09
3027.0,9.003803957076245e-11
3028.0,5.939328428552551e-10
3029.0,8.994521559542617e-08
3030.0,3.4205489706773454e-11
3031.0,1.876713642257187e-09
3032.0,3.157260006294025e-08
3033.0,0.0
3034.0,2.6639358493516775e-09
3035.0,5.185102336252502e-10
3036.0,2.4896695889959386e-08
3037.0,2.4865361394989455e-11
3038.0,5.7563997405751607e-11
3039.0,2.1845391722220803e-08
3040.0,1.511891316537332e-09
3041.0,2.2491417865119253e-10
3042.0,2.1402250123897775e-08
3043.0,1.8493600181501235e-09
3044.0,2.2607183652689691e-10
3045.0,3.328643228725899e-10
3046.0,2.73371633637326e-11
3047.0,6.507667636142705e-10
3048.0,1.525311014249435e-08
3049.0,8.581649351100918e-12
3050.0,1.0201271972950589e-10
3051.0,5.637196996687097e-10
3052.0,2.692118217148289e-11
3053.0,7.816548540637873e-10
3054.0,2.6901915885843445e-10
3055.0,7.471623373194326e-11
3056.0,1.0575952064218602e-09
3057.0,1.082933514531014e-09
3058.0,2.535830808152454e-10
3059.0,1.5407863402545181e-09
3060.0,1.2488186674559112e-11
3061.0,1.5111635591663934e-09
3062.0,1.4531244254142256e-08
3063.0,1.7661026424860033e-11
3064.0,2.6986702990519006e-11
3065.0,6.276937853275459e-09
3066.0,4.832320041037443e-11
3067.0,1.5256682254725979e-12
3068.0,2.6415152323879825e-10
3069.0,6.012526123721584e-10
3070.0,6.551616826475763e-11
3071.0,5.7564712317084146e-09
3072.0,1.7944460429026618e-09
3073.0,2.931655597666842e-09
3074.0,1.6483521615480892e-10
3075.0,2.309923092506628e-08
3076.0,2.1177191009580967e-11
3077.0,2.8304460956706033e-10
3078.0,5.42820193625895e-11
3079.0,3.356092273585191e-10
3080.0,1.799083749886576e-10
3081.0,9.818846417977488e-11
3082.0,3.1470300877017917e-10
3083.0,6.998932084500016e-09
3084.0,9.78447087536813e-11
3085.0,7.54893626651752e-11
3086.0,3.9820746619206083e-10
3087.0,1.5622211054799027e-10
3088.0,1.507758271730958e-09
3089.0,7.998447381343818e-10
3090.0,1.5310432296852442e-09
3091.0,1.8177133063068956e-07
3092.0,2.7855589722748296e-09
3093.0,7.779641732301343e-10
3094.0,1.1410060627120417e-09
3095.0,9.672936955521639e-12
3096.0,7.003178683038245e-11
3097.0,4.586661838234972e-10
3098.0,2.862827408688044e-09
3099.0,1.5155980716742515e-09
3100.0,1.3450340988953754e-10
3101.0,4.730525865396304e-10
3102.0,5.473074788254959e-10
3103.0,7.575888183380011e-11
3104.0,2.1663796198935113e-09
3105.0,1.1944142135890942e-09
3106.0,1.1641318447498062e-09
3107.0,5.675937483787535e-08
3108.0,1.2733147198143651e-09
3109.0,5.356287247300329e-10
3110.0,3.1846881743111314e-11
3111.0,2.7852154205026838e-09
3112.0,4.830788387069543e-10
3113.0,1.4622415352149268e-09
3114.0,1.8301913572946178e-08
3115.0,6.699496885366565e-11
3116.0,1.0998685081613337e-09
3117.0,3.103062801600549e-09
3118.0,4.811716854330815e-09
3119.0,1.277555273047923e-10
3120.0,3.652152044860109e-10
3121.0,3.7470883239108054e-10
3122.0,2.517132218385933e-10
3123.0,2.8268306529799604e-09
3124.0,9.136361803338454e-10
3125.0,9.738977276045778e-11
3126.0,2.6188382334827713e-10
3127.0,1.332839802085907e-10
3128.0,5.360025608290299e-09
3129.0,2.965870863516967e-11
3130.0,8.365816389626743e-10
3131.0,3.334933040040995e-10
3132.0,1.2135141549727518e-10
3133.0,6.4772396131467125e-09
3134.0,1.4223822155725904e-08
3135.0,3.573179025027793e-09
3136.0,5.540832298565092e-11
3137.0,3.670140831104831e-09
3138.0,1.1387914212329068e-10
3139.0,7.219135245395916e-08
3140.0,3.0275183272682544e-10
3141.0,9.618667950763572e-10
3142.0,1.0106975931759511e-09
3143.0,3.4160664438484645e-09
3144.0,2.0646885566694317e-09
3145.0,1.9693769555796666e-10
3146.0,2.87761688139161e-10
3147.0,8.050825440635593e-10
3148.0,1.9681002962472358e-10
3149.0,2.2057239585007194e-10
3150.0,1.304514209693609e-09
3151.0,3.5322765345274256e-09
3152.0,8.312061538188656e-09
3153.0,5.687010223981885e-09
3154.0,2.245965091779528e-10
3155.0,3.858885671673978e-10
3156.0,1.7570853060548881e-10
3157.0,3.488028243610145e-09
3158.0,8.282054037185853e-11
3159.0,5.58699037451321e-10
3160.0,1.9613966582313057e-08
3161.0,6.361661979341702e-08
3162.0,6.637810983275146e-09
3163.0,2.2385180748568934e-11
3164.0,8.295468529369307e-09
3165.0,2.785048585700002e-10
3166.0,1.922849409492626e-10
3167.0,1.0515986423415046e-09
3168.0,3.4708044820012346e-09
3169.0,1.0020445528899062e-09
3170.0,2.0399150504139268e-08
3171.0,1.8571952149766707e-10
3172.0,2.335509234063194e-10
3173.0,1.3900497660349105e-09
3174.0,4.793017385068147e-10
3175.0,1.3331118636983933e-10
3176.0,4.0994606214091676e-11
3177.0,2.665026758059889e-09
3178.0,2.675414928535308e-09
3179.0,2.832897600110458e-08
3180.0,9.984360682262185e-10
3181.0,1.1075124201754109e-08
3182.0,3.7012038284327846e-09
3183.0,2.6150411858945153e-10
3184.0,1.8401056690656206e-09
3185.0,2.5842238132744828e-09
3186.0,1.0468375888888308e-08
3187.0,1.0999638785369744e-08
3188.0,1.5639504619828013e-08
3189.0,6.348202719205332e-10
3190.0,2.8557740192729757e-09
3191.0,8.310725063629342e-09
3192.0,4.873488030447013e-11
3193.0,4.798771474325999e-10
3194.0,4.091763619244163e-10
3195.0,9.587770442101983e-10
3196.0,5.157199056357055e-09
3197.0,3.8017489921986646e-09
3198.0,4.098020991124241e-10
3199.0,1.0307892458114872e-08
3200.0,6.103445872571227e-10
3201.0,5.160042605200964e-10
3202.0,6.049980836918493e-10
3203.0,1.0806900979626505e-08
3204.0,8.46369068246039e-10
3205.0,1.280701258816472e-09
3206.0,9.061763146558462e-09
3207.0,1.6829564935487467e-10
3208.0,4.18671396700847e-09
3209.0,2.5957066525017144e-09
3210.0,2.3793408692447776e-09
3211.0,6.817798829980563e-10
3212.0,1.9214619692480527e-09
3213.0,5.3705545405378185e-08
3214.0,1.793496896836847e-07
3215.0,5.591655224086472e-09
3216.0,4.363285405855312e-08
3217.0,8.531457684358063e-09
3218.0,3.8740566962179654e-10
3219.0,2.2021744727756998e-08
3220.0,4.1282372209288886e-10
3221.0,3.0065937861396035e-10
3222.0,1.4962469746694615e-09
3223.0,2.561840610821271e-10
3224.0,1.9806524088838712e-08
3225.0,6.509253760386555e-08
3226.0,2.089470628608398e-09
3227.0,1.3290893103584687e-09
3228.0,2.4475611368282453e-11
3229.0,2.4516095314698295e-10
3230.0,1.4634035910355286e-08
3231.0,2.3380465451455723e-10
3232.0,4.794003409157438e-09
3233.0,4.411090725433607e-09
3234.0,6.417940834503915e-10
3235.0,6.184255087542015e-11
3236.0,1.0978421866817156e-09
3237.0,6.864816312645099e-10
3238.0,7.068600479854236e-10
3239.0,1.08121287950514e-08
3240.0,2.7796411052405e-10
3241.0,9.05806955739204e-09
3242.0,2.6192290419273262e-08
3243.0,9.18718537972779e-09
3244.0,4.026955594206645e-11
3245.0,2.855230981172267e-09
3246.0,1.748270299477476e-09
3247.0,2.444727521972826e-10
3248.0,2.3158124296920865e-09
3249.0,3.823602857557917e-09
3250.0,1.1982640603833056e-08
3251.0,1.2932336954044554e-08
3252.0,2.3969054375713945e-09
3253.0,8.169790270369147e-09
3254.0,1.9824219011647895e-09
3255.0,4.269499790759191e-10
3256.0,1.335300697734914e-09
3257.0,2.49841883153263e-10
3258.0,4.5406080858519085e-09
3259.0,2.425921918301815e-09
3260.0,2.1304383533565316e-10
3261.0,1.3933031719831619e-08
3262.0,1.2058421764774212e-07
3263.0,5.559909388587652e-10
3264.0,4.6184877477824235e-07
3265.0,9.59790787466627e-09
3266.0,7.242584598421043e-09
3267.0,3.734209793022574e-09
3268.0,7.000854120168298e-09
3269.0,5.250130815423588e-09
3270.0,2.1477448740073896e-09
3271.0,1.4677902205082219e-08
3272.0,1.8333191490834927e-08
3273.0,1.1648393499003278e-08
3274.0,3.2754473263245113e-10
3275.0,2.250101777930163e-09
3276.0,9.122733153895264e-10
3277.0,1.5360483002653787e-09
3278.0,1.261263917980013e-08
3279.0,1.1214050018688718e-07
3280.0,3.0371306016790137e-09
3281.0,4.454861898246625e-09
3282.0,3.4287696787206057e-09
3283.0,5.738075894881311e-08
3284.0,1.1073024101888235e-08
3285.0,2.4931063490104785e-09
3286.0,9.635325670433964e-09
3287.0,1.0403594446418308e-09
3288.0,3.1689951274702574e-08
3289.0,1.4671678754533903e-07
3290.0,3.549880114741566e-08
3291.0,1.2989219937737909e-08
3292.0,7.848017999549171e-09
3293.0,5.125339102580952e-08
3294.0,3.859263717701599e-09
3295.0,3.64376324267107e-08
3296.0,8.25924677697179e-08
3297.0,1.3303228982048945e-08
3298.0,1.4234353252844442e-08
3299.0,7.908580450838783e-08
3300.0,2.3139406210395024e-07
3301.0,5.0838789588093505e-08
3302.0,7.678853203437215e-09
3303.0,3.331055535408669e-08
3304.0,1.0854473276730562e-08
3305.0,1.8141377846194107e-07
3306.0,2.9783030429235616e-08
3307.0,3.2361630199930074e-08
3308.0,5.536941370950889e-09
3309.0,9.51194472889987e-09
3310.0,2.9028352640361434e-08
3311.0,6.432752595801753e-09
3312.0,3.1896017783775486e-08
3313.0,1.1939177352702438e-08
3314.0,2.41106942390556e-08
3315.0,8.372067608412602e-10
3316.0,3.666762477122061e-07
3317.0,1.4891195978131997e-08
3318.0,1.0186987167394926e-08
3319.0,1.9425837093818875e-09
3320.0,2.9546697169214342e-08
3321.0,1.7034857692981064e-08
3322.0,7.232043668198045e-09
3323.0,6.806273326753707e-09
3324.0,1.0030321232775032e-06
3325.0,3.662337015550857e-07
3326.0,7.893688848175326e-10
3327.0,1.2759141567078113e-08
3328.0,4.263128538976245e-09
3329.0,7.192117959494187e-09
3330.0,7.614693818298286e-09
3331.0,7.327295777282695e-09
3332.0,1.1693714945130467e-08
3333.0,1.1036946807662911e-08
3334.0,3.0169684996146986e-09
3335.0,1.423712194277997e-07
3336.0,1.2188100617260555e-08
3337.0,5.57784752837181e-07
3338.0,1.5192579325467967e-08
3339.0,9.354304698394705e-08
3340.0,5.759870907426547e-08
3341.0,8.540090204064744e-08
3342.0,3.376461887502693e-08
3343.0,2.505481707672953e-07
3344.0,2.6495943338407906e-08
3345.0,1.6027877135103803e-07
3346.0,1.4123250776499753e-07
3347.0,1.570040567456754e-08
3348.0,7.099680060575012e-09
3349.0,4.117401964498936e-07
3350.0,2.1884771754694933e-07
3351.0,8.902193367479647e-09
3352.0,4.533046349914567e-08
3353.0,1.4803258582853446e-08
3354.0,2.8587661883338926e-08
3355.0,2.9783396724333068e-08
3356.0,6.699719109577482e-08
3357.0,2.5094591381291163e-08
3358.0,2.915285966367288e-08
3359.0,1.3898375027107814e-07
3360.0,2.0561347344060346e-07
3361.0,1.1105078652080433e-07
3362.0,7.336301802457027e-08
3363.0,6.969590269106597e-08
3364.0,1.5392284254576337e-07
3365.0,1.6586100615653737e-08
3366.0,1.4570128592959042e-08
3367.0,3.072884728764654e-08
3368.0,1.0566341659489796e-06
3369.0,2.3846197381613288e-08
3370.0,1.374972797355341e-07
3371.0,2.351044704806147e-06
3372.0,8.965021568558404e-08
3373.0,2.3044821789690007e-06
3374.0,8.768306730114673e-08
3375.0,1.1380490846045374e-07
3376.0,3.8947343485872887e-08
3377.0,4.181821439459996e-08
3378.0,2.775151955915387e-08
3379.0,5.1726069156930993e-08
3380.0,9.460847930818197e-08
3381.0,3.146161314548224e-08
3382.0,4.962146841714521e-08
3383.0,3.631463849681259e-07
3384.0,1.0066832739197745e-08
3385.0,3.480624853863752e-08
3386.0,2.5339376069021046e-07
3387.0,1.1465483280615886e-07
3388.0,1.0044604573492919e-08
3389.0,2.6584844866591368e-08
3390.0,1.461909376558773e-07
3391.0,3.379171080623097e-08
3392.0,6.41807912311959e-07
3393.0,6.079660013837104e-07
3394.0,1.0302941431157065e-07
3395.0,3.611854718778948e-07
3396.0,5.724425712433071e-08
3397.0,5.6737640694053926e-08
3398.0,1.8476128291869123e-07
3399.0,1.333287589542023e-07
3400.0,9.519335367856583e-08
3401.0,4.695783122283876e-08
3402.0,5.583662480391061e-08
3403.0,2.7457868398911928e-08
3404.0,1.6843071657327284e-07
3405.0,1.4917847770750446e-07
3406.0,1.4102796885259318e-08
3407.0,3.196300073957067e-08
3408.0,1.862945327934556e-06
3409.0,8.386446842476489e-08
3410.0,3.3674626404106127e-08
3411.0,7.042977898151952e-08
3412.0,2.7930282690063627e-08
3413.0,3.491825667661097e-08
3414.0,1.325467309436009e-07
3415.0,2.3014433291927284e-06
3416.0,5.017406099189995e-08
3417.0,9.677880999894442e-08
3418.0,7.651997463011544e-08
3419.0,6.601608639850568e-08
3420.0,1.6591047030495827e-06
3421.0,1.960498552752961e-07
3422.0,1.380084228689917e-07
3423.0,1.0546559120919848e-06
3424.0,1.39640929916432e-06
3425.0,8.800565589292217e-08
3426.0,7.243688191942766e-08
3427.0,8.899934820974512e-08
3428.0,1.4279726720811485e-07
3429.0,1.1891848056966742e-07
3430.0,9.573281051142388e-08
3431.0,4.095547553558788e-09
3432.0,3.7603446099053845e-09
3433.0,1.263846258188117e-07
3434.0,8.240087246666333e-09
3435.0,1.3674697945556979e-08
3436.0,7.146901067111162e-08
3437.0,3.475895817050773e-07
3438.0,4.761162027134254e-08
3439.0,1.2293428188282398e-08
3440.0,1.6229123849580737e-07
3441.0,1.23299841605766e-08
3442.0,3.21023397045399e-08
3443.0,4.781540503272401e-08
3444.0,1.4366236743448075e-07
3445.0,3.096591834306891e-07
3446.0,7.374845543965281e-09
3447.0,1.1542787624438153e-07
3448.0,7.383497931935997e-07
3449.0,3.701186654503751e-08
3450.0,1.0935196551621531e-07
3451.0,5.948815186875133e-08
3452.0,1.5669057689524604e-07
3453.0,5.498210691523677e-07
3454.0,2.6179198616971377e-07
3455.0,2.1621629082898434e-08
3456.0,2.6742555777222775e-07
3457.0,4.117420088469213e-07
3458.0,8.771166710887056e-08
3459.0,1.5511748396699367e-08
3460.0,6.290133604159021e-08
3461.0,8.773041437898112e-08
3462.0,2.7072581139689363e-07
3463.0,8.352269275886629e-08
3464.0,5.203358607634782e-08
3465.0,5.933927879130497e-08
3466.0,1.7955691954723535e-08
3467.0,3.1924519695438203e-07
3468.0,2.6334958533247415e-08
3469.0,1.3461383104917289e-06
3470.0,1.3894063718247433e-08
3471.0,4.687601282946587e-07
3472.0,4.95364745439925e-09
3473.0,2.8076506759257483e-06
3474.0,1.5699286794949112e-08
3475.0,1.5779743265971262e-07
3476.0,9.964186780772635e-07
3477.0,5.737129180945481e-09
3478.0,2.180257267540629e-08
3479.0,4.125787911702061e-08
3480.0,1.3217350600358076e-07
3481.0,6.220365085254137e-08
3482.0,5.297340600349773e-08
3483.0,2.783000559035747e-07
3484.0,5.1149596074531026e-08
3485.0,1.1103749803258412e-07
3486.0,1.4409009185760493e-08
3487.0,1.691822030150681e-07
3488.0,3.2494884958974244e-08
3489.0,1.3491284849451102e-08
3490.0,5.149936845702416e-07
3491.0,1.2305328320998048e-08
3492.0,6.877771917699055e-08
3493.0,1.2277815555918923e-08
3494.0,2.2839445664745845e-08
3495.0,1.23178556204491e-06
3496.0,7.411677557652277e-09
3497.0,8.201196455273572e-09
3498.0,1.2526514374128665e-08
3499.0,1.3285729025570416e-07
3500.0,8.055470810240534e-08
3501.0,2.4446512868187132e-08
3502.0,6.456217674109223e-08
3503.0,3.892517466190536e-07
3504.0,3.7703880977204606e-08
3505.0,2.560246604165502e-07
3506.0,1.751898815421117e-08
3507.0,6.041008400436682e-06
3508.0,1.0312093698096486e-07
3509.0,3.5266099158922474e-08
3510.0,5.029700492248771e-09
3511.0,5.636160383065038e-09
3512.0,2.1278795988866205e-08
3513.0,3.097648215604883e-08
3514.0,1.5098452073496115e-08
3515.0,6.609074261015344e-08
3516.0,1.3707425222914993e-07
3517.0,4.761499576266937e-08
3518.0,2.0984843316294605e-07
3519.0,2.1073437430322384e-07
3520.0,9.091412943133404e-09
3521.0,2.1271144012348071e-07
3522.0,6.464219782939169e-09
3523.0,3.203284842463131e-09
3524.0,3.658921106849418e-08
3525.0,3.536481701388383e-07
3526.0,5.977734781930186e-09
3527.0,3.6830961172694317e-07
3528.0,1.0491366805316682e-07
3529.0,7.423769922107115e-09
3530.0,1.5195527900442624e-08
3531.0,1.7611133344759424e-08
3532.0,2.485485597079311e-08
3533.0,1.4327467834416092e-08
3534.0,1.9617646078578082e-08
3535.0,6.624147364793612e-08
3536.0,8.452359858302386e-08
3537.0,8.58155198302549e-08
3538.0,5.412972679187758e-07
3539.0,3.699870704297196e-09
3540.0,8.298039072318211e-08
3541.0,8.55418746871353e-08
3542.0,4.0673276668395755e-08
3543.0,1.3699447120200675e-08
3544.0,1.3229825552576136e-08
3545.0,1.6737542086131307e-08
3546.0,2.78933570891718e-08
3547.0,4.431853627513552e-08
3548.0,1.0118507281952326e-06
3549.0,7.257864088807398e-09
3550.0,1.978206756030436e-09
3551.0,1.2228916513018486e-08
3552.0,2.3973617058086337e-08
3553.0,3.680805570908461e-08
3554.0,4.705565403695635e-09
3555.0,1.2639045337508534e-08
3556.0,1.4719043909742037e-08
3557.0,9.23936352079769e-08
3558.0,4.084257874563109e-08
3559.0,2.3399120362360515e-09
3560.0,5.795515863487378e-08
3561.0,1.2769547440788078e-08
3562.0,8.929338346157827e-09
3563.0,5.098493996111276e-09
3564.0,2.735061385125525e-08
3565.0,3.232906859797595e-09
3566.0,3.513903495176748e-08
3567.0,1.8475370419396511e-09
3568.0,8.40855249254461e-08
3569.0,2.704985237096917e-09
3570.0,3.702571445088558e-10
3571.0,1.1795630598654028e-07
3572.0,6.414878018339788e-08
3573.0,5.969094798728009e-09
3574.0,5.9092625058595365e-08
3575.0,8.324074399862724e-09
3576.0,1.0618635817609744e-08
3577.0,1.014504030392016e-08
3578.0,2.530875285244846e-08
3579.0,1.29017027269271e-07
3580.0,2.7697989477800844e-08
3581.0,3.007101401544656e-08
3582.0,2.3286561835544605e-09
3583.0,1.1470082193096002e-08
3584.0,1.8601612742048225e-08
3585.0,1.0290127593626809e-08
3586.0,7.418281493128439e-09
3587.0,2.6393486927270234e-08
3588.0,8.520923471004325e-09
3589.0,4.2102695559845906e-08
3590.0,2.2657882357691094e-08
3591.0,5.017403597809004e-10
3592.0,2.258805193542655e-08
3593.0,8.438008941420115e-09
3594.0,2.69203254658948e-09
3595.0,2.878372796838679e-10
3596.0,7.620663387482398e-11
3597.0,5.683444787133276e-09
3598.0,7.927130702761772e-10
3599.0,2.9020540541864156e-09
3600.0,1.8412534126005284e-09
3601.0,2.107399077426555e-08
3602.0,3.2446338776391324e-10
3603.0,4.783767188810992e-10
3604.0,3.054493433400039e-09
3605.0,1.0954203070719722e-08
3606.0,2.403413870843738e-10
3607.0,3.409353331026037e-09
3608.0,1.8071025747923784e-08
3609.0,2.8929477451945812e-09
3610.0,7.148477787674846e-10
3611.0,1.5101735171511483e-09
3612.0,7.540949856622775e-10
3613.0,2.963835035938498e-10
3614.0,2.6148736253428574e-10
3615.0,2.4498963079618343e-09
3616.0,1.826760787527808e-10
3617.0,2.4993337997874178e-09
3618.0,5.843835038656492e-12
3619.0,7.951421157991651e-11
3620.0,8.718197765738881e-09
3621.0,1.369915398305508e-11
3622.0,1.5039116067678462e-08
3623.0,1.5312832507903158e-10
3624.0,1.835587273076566e-09
3625.0,4.132322592688098e-09
3626.0,0.0
3627.0,1.7738412752016865e-10
3628.0,1.098096801641654e-08
3629.0,2.6368389543782165e-08
3630.0,5.871213872293608e-11
3631.0,2.98381963177386e-08
3632.0,4.7861490804534245e-09
3633.0,1.3168835997983998e-10
3634.0,2.7732913851412722e-11
3635.0,2.9078885827096276e-11
3636.0,2.6070673559242147e-11
3637.0,5.444796508744096e-11
3638.0,4.054448987823394e-11
3639.0,2.7182500261747567e-10
3640.0,7.561974712397941e-10
3641.0,3.5132255705234514e-11
3642.0,2.531406464517274e-12
3643.0,2.9608789691847533e-10
3644.0,5.164163724385232e-11
3645.0,5.0859691107093826e-09
3646.0,2.4466141065740132e-12
3647.0,3.317837268891125e-11
3648.0,1.093097669865398e-08
3649.0,3.279529611969511e-10
3650.0,7.120753261611778e-12
3651.0,1.110052692467932e-11
3652.0,2.1452726616178158e-10
3653.0,2.005461508173033e-12
3654.0,1.3422881936246465e-11
3655.0,2.0832400302284877e-11
3656.0,0.0
3657.0,0.0
3658.0,0.0
3659.0,0.0
3660.0,0.0
3661.0,0.0
3662.0,0.0
3663.0,0.0
3664.0,0.0
3665.0,0.0
3666.0,0.0
3667.0,0.0
3668.0,0.0
3669.0,0.0
3670.0,0.0
3671.0,0.0
3672.0,0.0
3673.0,0.0
3674.0,0.0
3675.0,0.0
3676.0,0.0
3677.0,0.0
3678.0,0.0
3679.0,0.0
3680.0,0.0
3681.0,0.0
3682.0,0.0
3683.0,0.0
3684.0,0.0
3685.0,0.0
3686.0,0.0
3687.0,0.0
3688.0,0.0
3689.0,0.0
3690.0,0.0
3691.0,0.0
3692.0,0.0
3693.0,0.0
3694.0,0.0
3695.0,0.0
3696.0,0.0
3697.0,0.0
3698.0,0.0
3699.0,0.0
3700.0,0.0
3701.0,0.0
3702.0,0.0
3703.0,0.0
3704.0,0.0
3705.0,0.0
3706.0,0.0
3707.0,0.0
3708.0,0.0
3709.0,0.0
3710.0,0.0
3711.0,0.0
3712.0,0.0
3713.0,0.0
3714.0,0.0
3715.0,0.0
3716.0,0.0
3717.0,0.0
3718.0,0.0
3719.0,0.0
3720.0,0.0
3721.0,0.0
3722.0,0.0
3723.0,0.0
3724.0,0.0
3725.0,0.0
3726.0,0.0
3727.0,0.0
3728.0,0.0
3729.0,0.0
3730.0,0.0
3731.0,0.0
3732.0,0.0
3733.0,0.0
3734.0,0.0
3735.0,0.0
3736.0,0.0
3737.0,0.0
3738.0,0.0
3739.0,0.0
3740.0,0.0
3741.0,0.0
3742.0,0.0
3743.0,0.0
3744.0,0.0
3745.0,0.0
3746.0,0.0
3747.0,0.0
3748.0,0.0
3749.0,0.0
3750.0,0.0
3751.0,0.0
3752.0,0.0
3753.0,0.0
3754.0,0.0
3755.0,0.0
3756.0,0.0
3757.0,0.0
3758.0,0.0
3759.0,0.0
3760.0,0.0
3761.0,0.0
3762.0,0.0
3763.0,0.0
3764.0,0.0
3765.0,0.0
3766.0,0.0
3767.0,0.0
3768.0,0.0
3769.0,0.0
3770.0,0.0
3771.0,0.0
3772.0,0.0
3773.0,0.0
3774.0,0.0
3775.0,0.0
3776.0,0.0
3777.0,0.0
3778.0,0.0
3779.0,0.0
3780.0,0.0
3781.0,0.0
3782.0,0.0
3783.0,0.0
3784.0,0.0
3785.0,0.0
3786.0,0.0
3787.0,0.0
3788.0,0.0
3789.0,0.0
3790.0,0.0
3791.0,0.0
3792.0,0.0
3793.0,0.0
3794.0,0.0
3795.0,0.0
3796.0,0.0
3797.0,0.0
3798.0,0.0
3799.0,0.0
3800.0,0.0
3801.0,0.0
3802.0,0.0
3803.0,0.0
3804.0,0.0
3805.0,0.0
3806.0,0.0
3807.0,0.0
3808.0,0.0
3809.0,0.0
3810.0,0.0
3811.0,0.0
3812.0,0.0
3813.0,0.0
3814.0,0.0
3815.0,0.0
3816.0,0.0
3817.0,0.0
3818.0,0.0
3819.0,0.0
3820.0,0.0
3821.0,0.0
3822.0,0.0
3823.0,0.0
3824.0,0.0
3825.0,0.0
3826.0,0.0
3827.0,0.0
3828.0,0.0
3829.0,0.0
3830.0,0.0
3831.0,0.0
3832.0,0.0
3833.0,0.0
3834.0,0.0
3835.0,0.0
3836.0,0.0
3837.0,0.0
3838.0,0.0
3839.0,0.0
3840.0,0.0
3841.0,0.0
3842.0,0.0
3843.0,0.0
3844.0,0.0
3845.0,0.0
3846.0,0.0
3847.0,0.0
3848.0,0.0
3849.0,0.0
3850.0,0.0
3851.0,0.0
3852.0,0.0
3853.0,0.0
3854.0,0.0
3855.0,0.0
3856.0,0.0
3857.0,0.0
3858.0,0.0
3859.0,0.0
3860.0,0.0
3861.0,0.0
3862.0,0.0
3863.0,0.0
3864.0,0.0
3865.0,0.0
3866.0,0.0
3867.0,0.0
3868.0,0.0
3869.0,0.0
3870.0,0.0
3871.0,0.0
3872.0,0.0
3873.0,0.0
3874.0,0.0
3875.0,0.0
3876.0,0.0
3877.0,0.0
3878.0,0.0
3879.0,0.0
3880.0,0.0
3881.0,0.0
3882.0,0.0
3883.0,0.0
3884.0,0.0
3885.0,0.0
3886.0,0.0
3887.0,0.0
3888.0,0.0
3889.0,0.0
3890.0,0.0
3891.0,0.0
3892.0,0.0
3893.0,0.0
3894.0,0.0
3895.0,0.0
3896.0,0.0
3897.0,0.0
3898.0,0.0
3899.0,0.0
3900.0,0.0
3901.0,0.0
3902.0,0.0
3903.0,0.0
3904.0,0.0
3905.0,0.0
3906.0,0.0
3907.0,0.0
3908.0,0.0
3909.0,0.0
3910.0,0.0
3911.0,0.0
3912.0,0.0
3913.0,0.0
3914.0,0.0
3915.0,0.0
3916.0,0.0
3917.0,0.0
3918.0,0.0
3919.0,0.0
3920.0,0.0
3921.0,0.0
3922.0,0.0
3923.0,0.0
3924.0,0.0
3925.0,0.0
3926.0,0.0
3927.0,0.0
3928.0,0.0
3929.0,0.0
3930.0,0.0
3931.0,0.0
3932.0,0.0
3933.0,0.0
3934.0,0.0
3935.0,0.0
3936.0,0.0
3937.0,0.0
3938.0,0.0
3939.0,0.0
3940.0,0.0
3941.0,0.0
3942.0,0.0
3943.0,0.0
3944.0,0.0
3945.0,0.0
3946.0,0.0
3947.0,0.0
3948.0,0.0
3949.0,0.0
3950.0,0.0
3951.0,0.0
3952.0,0.0
3953.0,0.0
3954.0,0.0
3955.0,0.0
3956.0,0.0
3957.0,0.0
3958.0,0.0
3959.0,0.0
3960.0,0.0
3961.0,0.0
3962.0,0.0
3963.0,0.0
3964.0,0.0
3965.0,0.0
3966.0,0.0
3967.0,0.0
3968.0,0.0
3969.0,0.0
3970.0,0.0
3971.0,0.0
3972.0,0.0
3973.0,0.0
3974.0,0.0
3975.0,0.0
3976.0,0.0
3977.0,0.0
3978.0,0.0
3979.0,0.0
3980.0,0.0
3981.0,0.0
3982.0,0.0
3983.0,0.0
3984.0,0.0
3985.0,0.0
3986.0,0.0
3987.0,0.0
3988.0,0.0
3989.0,0.0
3990.0,0.0
3991.0,0.0
3992.0,0.0
3993.0,0.0
3994.0,0.0
3995.0,0.0
3996.0,0.0
3997.0,0.0
3998.0,0.0
3999.0,0.0
4000.0,0.0
